"","id","city"
"1","110000","北京市"
"2","110101","东城区"
"3","110102","西城区"
"4","110103","崇文区"
"5","110104","宣武区"
"6","110105","朝阳区"
"7","110106","丰台区"
"8","110107","石景山区"
"9","110108","海淀区"
"10","110109","门头沟区"
"11","110111","房山区"
"12","110112","通州区"
"13","110113","顺义区"
"14","110221","昌平县"
"15","110224","大兴县"
"16","110226","平谷县"
"17","110227","怀柔县"
"18","110228","密云县"
"19","110229","延庆县"
"20","120000","天津市"
"21","120101","和平区"
"22","120102","河东区"
"23","120103","河西区"
"24","120104","南开区"
"25","120105","河北区"
"26","120106","红桥区"
"27","120107","塘沽区"
"28","120108","汉沽区"
"29","120109","大港区"
"30","120110","东丽区"
"31","120111","西青区"
"32","120112","津南区"
"33","120113","北辰区"
"34","120221","宁河县"
"35","120222","武清县"
"36","120223","静海县"
"37","120224","宝坻县"
"38","120225","蓟县"
"39","130000","河北省"
"40","130100","石家庄市"
"41","130102","长安区"
"42","130103","桥东区"
"43","130104","桥西区"
"44","130105","新华区"
"45","130106","郊区"
"46","130107","井陉矿区"
"47","130121","井陉县"
"48","130123","正定县"
"49","130124","栾城县"
"50","130125","行唐县"
"51","130126","灵寿县"
"52","130127","高邑县"
"53","130128","深泽县"
"54","130129","赞皇县"
"55","130130","无极县"
"56","130131","平山县"
"57","130132","元氏县"
"58","130133","赵县"
"59","130181","辛集市"
"60","130182","藁城市"
"61","130183","晋州市"
"62","130184","新乐市"
"63","130185","鹿泉市"
"64","130200","唐山市"
"65","130202","路南区"
"66","130203","路北区"
"67","130204","古冶区"
"68","130205","开平区"
"69","130206","新区"
"70","130221","丰润县"
"71","130223","滦县"
"72","130224","滦南县"
"73","130225","乐亭县"
"74","130227","迁西县"
"75","130229","玉田县"
"76","130230","唐海县"
"77","130281","遵化市"
"78","130282","丰南市"
"79","130283","迁安市"
"80","130300","秦皇岛市"
"81","130302","海港区"
"82","130303","山海关区"
"83","130304","北戴河区"
"84","130321","青龙满族自治县"
"85","130322","昌黎县"
"86","130323","抚宁县"
"87","130324","卢龙县"
"88","130400","邯郸市"
"89","130402","邯山区"
"90","130403","丛台区"
"91","130404","复兴区"
"92","130406","峰峰矿区"
"93","130421","邯郸县"
"94","130423","临漳县"
"95","130424","成安县"
"96","130425","大名县"
"97","130426","涉县"
"98","130427","磁县"
"99","130428","肥乡县"
"100","130429","永年县"
"101","130430","邱县"
"102","130431","鸡泽县"
"103","130432","广平县"
"104","130433","馆陶县"
"105","130434","魏县"
"106","130435","曲周县"
"107","130481","武安市"
"108","130500","邢台市"
"109","130502","桥东区"
"110","130503","桥西区"
"111","130521","邢台县"
"112","130522","临城县"
"113","130523","内丘县"
"114","130524","柏乡县"
"115","130525","隆尧县"
"116","130526","任县"
"117","130527","南和县"
"118","130528","宁晋县"
"119","130529","巨鹿县"
"120","130530","新河县"
"121","130531","广宗县"
"122","130532","平乡县"
"123","130533","威县"
"124","130534","清河县"
"125","130535","临西县"
"126","130581","南宫市"
"127","130582","沙河市"
"128","130600","保定市"
"129","130602","新市区"
"130","130603","北市区"
"131","130604","南市区"
"132","130621","满城县"
"133","130622","清苑县"
"134","130623","涞水县"
"135","130624","阜平县"
"136","130625","徐水县"
"137","130626","定兴县"
"138","130627","唐县"
"139","130628","高阳县"
"140","130629","容城县"
"141","130630","涞源县"
"142","130631","望都县"
"143","130632","安新县"
"144","130633","易县"
"145","130634","曲阳县"
"146","130635","蠡县"
"147","130636","顺平县"
"148","130637","博野县"
"149","130638","雄县"
"150","130681","涿州市"
"151","130682","定州市"
"152","130683","安国市"
"153","130684","高碑店市"
"154","130700","张家口市"
"155","130702","桥东区"
"156","130703","桥西区"
"157","130705","宣化区"
"158","130706","下花园区"
"159","130721","宣化县"
"160","130722","张北县"
"161","130723","康保县"
"162","130724","沽源县"
"163","130725","尚义县"
"164","130726","蔚县"
"165","130727","阳原县"
"166","130728","怀安县"
"167","130729","万全县"
"168","130730","怀来县"
"169","130731","涿鹿县"
"170","130732","赤城县"
"171","130733","崇礼县"
"172","130800","承德市"
"173","130802","双桥区"
"174","130803","双滦区"
"175","130804","鹰手营子矿区"
"176","130821","承德县"
"177","130822","兴隆县"
"178","130823","平泉县"
"179","130824","滦平县"
"180","130825","隆化县"
"181","130826","丰宁满族自治县"
"182","130827","宽城满族自治县"
"183","130828","围场满族蒙古族自治县"
"184","130900","沧州市"
"185","130902","新华区"
"186","130903","运河区"
"187","130921","沧县"
"188","130922","青县"
"189","130923","东光县"
"190","130924","海兴县"
"191","130925","盐山县"
"192","130926","肃宁县"
"193","130927","南皮县"
"194","130928","吴桥县"
"195","130929","献县"
"196","130930","孟村回族自治县"
"197","130981","泊头市"
"198","130982","任丘市"
"199","130983","黄骅市"
"200","130984","河间市"
"201","131000","廊坊市"
"202","131002","安次区"
"203","131022","固安县"
"204","131023","永清县"
"205","131024","香河县"
"206","131025","大城县"
"207","131026","文安县"
"208","131028","大厂回族自治县"
"209","131081","霸州市"
"210","131082","三河市"
"211","131100","衡水市"
"212","131102","桃城区"
"213","131121","枣强县"
"214","131122","武邑县"
"215","131123","武强县"
"216","131124","饶阳县"
"217","131125","安平县"
"218","131126","故城县"
"219","131127","景县"
"220","131128","阜城县"
"221","131181","冀州市"
"222","131182","深州市"
"223","140000","山西省"
"224","140100","太原市"
"225","140105","小店区"
"226","140106","迎泽区"
"227","140107","杏花岭区"
"228","140108","尖草坪区"
"229","140109","万柏林区"
"230","140110","晋源区"
"231","140121","清徐县"
"232","140122","阳曲县"
"233","140123","娄烦县"
"234","140181","古交市"
"235","140200","大同市"
"236","140202","城区"
"237","140203","矿区"
"238","140211","南郊区"
"239","140212","新荣区"
"240","140221","阳高县"
"241","140222","天镇县"
"242","140223","广灵县"
"243","140224","灵丘县"
"244","140225","浑源县"
"245","140226","左云县"
"246","140227","大同县"
"247","140300","阳泉市"
"248","140302","城区"
"249","140303","矿区"
"250","140311","郊区"
"251","140321","平定县"
"252","140322","盂县"
"253","140400","长治市"
"254","140402","城区"
"255","140411","郊区"
"256","140421","长治县"
"257","140423","襄垣县"
"258","140424","屯留县"
"259","140425","平顺县"
"260","140426","黎城县"
"261","140427","壶关县"
"262","140428","长子县"
"263","140429","武乡县"
"264","140430","沁县"
"265","140431","沁源县"
"266","140481","潞城市"
"267","140500","晋城市"
"268","140502","城区"
"269","140521","沁水县"
"270","140522","阳城县"
"271","140524","陵川县"
"272","140525","泽州县"
"273","140581","高平市"
"274","140600","朔州市"
"275","140602","朔城区"
"276","140603","平鲁区"
"277","140621","山阴县"
"278","140622","应县"
"279","140623","右玉县"
"280","140624","怀仁县"
"281","142200","忻州地区"
"282","142201","忻州市"
"283","142202","原平市"
"284","142222","定襄县"
"285","142223","五台县"
"286","142225","代县"
"287","142226","繁峙县"
"288","142227","宁武县"
"289","142228","静乐县"
"290","142229","神池县"
"291","142230","五寨县"
"292","142231","岢岚县"
"293","142232","河曲县"
"294","142233","保德县"
"295","142234","偏关县"
"296","142300","吕梁地区"
"297","142301","孝义市"
"298","142302","离石市"
"299","142303","汾阳市"
"300","142322","文水县"
"301","142323","交城县"
"302","142325","兴县"
"303","142326","临县"
"304","142327","柳林县"
"305","142328","石楼县"
"306","142329","岚县"
"307","142330","方山县"
"308","142332","中阳县"
"309","142333","交口县"
"310","142400","晋中地区"
"311","142401","榆次市"
"312","142402","介休市"
"313","142421","榆社县"
"314","142422","左权县"
"315","142423","和顺县"
"316","142424","昔阳县"
"317","142427","寿阳县"
"318","142429","太谷县"
"319","142430","祁县"
"320","142431","平遥县"
"321","142433","灵石县"
"322","142600","临汾地区"
"323","142601","临汾市"
"324","142602","侯马市"
"325","142603","霍州市"
"326","142621","曲沃县"
"327","142622","翼城县"
"328","142623","襄汾县"
"329","142625","洪洞县"
"330","142627","古县"
"331","142628","安泽县"
"332","142629","浮山县"
"333","142630","吉县"
"334","142631","乡宁县"
"335","142632","蒲县"
"336","142633","大宁县"
"337","142634","永和县"
"338","142635","隰县"
"339","142636","汾西县"
"340","142700","运城地区"
"341","142701","运城市"
"342","142702","永济市"
"343","142703","河津市"
"344","142723","芮城县"
"345","142724","临猗县"
"346","142725","万荣县"
"347","142726","新绛县"
"348","142727","稷山县"
"349","142729","闻喜县"
"350","142730","夏县"
"351","142731","绛县"
"352","142732","平陆县"
"353","142733","垣曲县"
"354","150000","内蒙古自治区"
"355","150100","呼和浩特市"
"356","150102","新城区"
"357","150103","回民区"
"358","150104","玉泉区"
"359","150105","郊区"
"360","150121","土默特左旗"
"361","150122","托克托县"
"362","150123","和林格尔县"
"363","150124","清水河县"
"364","150125","武川县"
"365","150200","包头市"
"366","150202","东河区"
"367","150203","昆都仑区"
"368","150204","青山区"
"369","150205","石拐矿区"
"370","150206","白云矿区"
"371","150207","郊区"
"372","150221","土默特右旗"
"373","150222","固阳县"
"374","150223","达尔罕茂明安联合旗"
"375","150300","乌海市"
"376","150302","海勃湾区"
"377","150303","海南区"
"378","150304","乌达区"
"379","150400","赤峰市"
"380","150402","红山区"
"381","150403","元宝山区"
"382","150404","松山区"
"383","150421","阿鲁科尔沁旗"
"384","150422","巴林左旗"
"385","150423","巴林右旗"
"386","150424","林西县"
"387","150425","克什克腾旗"
"388","150426","翁牛特旗"
"389","150428","喀喇沁旗"
"390","150429","宁城县"
"391","150430","敖汉旗"
"392","152100","呼伦贝尔盟"
"393","152101","海拉尔市"
"394","152102","满洲里市"
"395","152103","扎兰屯市"
"396","152104","牙克石市"
"397","152105","根河市"
"398","152106","额尔古纳市"
"399","152122","阿荣旗"
"400","152123","莫力达瓦达斡尔族自治旗"
"401","152127","鄂伦春自治旗"
"402","152128","鄂温克族自治旗"
"403","152129","新巴尔虎右旗"
"404","152130","新巴尔虎左旗"
"405","152131","陈巴尔虎旗"
"406","152200","兴安盟"
"407","152201","乌兰浩特市"
"408","152202","阿尔山市"
"409","152221","科尔沁右翼前旗"
"410","152222","科尔沁右翼中旗"
"411","152223","扎赉特旗"
"412","152224","突泉县"
"413","152300","哲里木盟"
"414","152301","通辽市"
"415","152302","霍林郭勒市"
"416","152322","科尔沁左翼中旗"
"417","152323","科尔沁左翼后旗"
"418","152324","开鲁县"
"419","152325","库伦旗"
"420","152326","奈曼旗"
"421","152327","扎鲁特旗"
"422","152500","锡林郭勒盟"
"423","152501","二连浩特市"
"424","152502","锡林浩特市"
"425","152522","阿巴嘎旗"
"426","152523","苏尼特左旗"
"427","152524","苏尼特右旗"
"428","152525","东乌珠穆沁旗"
"429","152526","西乌珠穆沁旗"
"430","152527","太仆寺旗"
"431","152528","镶黄旗"
"432","152529","正镶白旗"
"433","152530","正蓝旗"
"434","152531","多伦县"
"435","152600","乌兰察布盟"
"436","152601","集宁市"
"437","152602","丰镇市"
"438","152624","卓资县"
"439","152625","化德县"
"440","152626","商都县"
"441","152627","兴和县"
"442","152629","凉城县"
"443","152630","察哈尔右翼前旗"
"444","152631","察哈尔右翼中旗"
"445","152632","察哈尔右翼后旗"
"446","152634","四子王旗"
"447","152700","伊克昭盟"
"448","152701","东胜市"
"449","152722","达拉特旗"
"450","152723","准格尔旗"
"451","152724","鄂托克前旗"
"452","152725","鄂托克旗"
"453","152726","杭锦旗"
"454","152727","乌审旗"
"455","152728","伊金霍洛旗"
"456","152800","巴彦淖尔盟"
"457","152801","临河市"
"458","152822","五原县"
"459","152823","磴口县"
"460","152824","乌拉特前旗"
"461","152825","乌拉特中旗"
"462","152826","乌拉特后旗"
"463","152827","杭锦后旗"
"464","152900","阿拉善盟"
"465","152921","阿拉善左旗"
"466","152922","阿拉善右旗"
"467","152923","额济纳旗"
"468","210000","辽宁省"
"469","210100","沈阳市"
"470","210102","和平区"
"471","210103","沈河区"
"472","210104","大东区"
"473","210105","皇姑区"
"474","210106","铁西区"
"475","210111","苏家屯区"
"476","210112","东陵区"
"477","210113","新城子区"
"478","210114","于洪区"
"479","210122","辽中县"
"480","210123","康平县"
"481","210124","法库县"
"482","210181","新民市"
"483","210200","大连市"
"484","210202","中山区"
"485","210203","西岗区"
"486","210204","沙河口区"
"487","210211","甘井子区"
"488","210212","旅顺口区"
"489","210213","金州区"
"490","210224","长海县"
"491","210281","瓦房店市"
"492","210282","普兰店市"
"493","210283","庄河市"
"494","210300","鞍山市"
"495","210302","铁东区"
"496","210303","铁西区"
"497","210304","立山区"
"498","210311","千山区"
"499","210321","台安县"
"500","210323","岫岩满族自治县"
"501","210381","海城市"
"502","210400","抚顺市"
"503","210402","新抚区"
"504","210403","露天区"
"505","210404","望花区"
"506","210411","顺城区"
"507","210421","抚顺县"
"508","210422","新宾满族自治县"
"509","210423","清原满族自治县"
"510","210500","本溪市"
"511","210502","平山区"
"512","210503","溪湖区"
"513","210504","明山区"
"514","210505","南芬区"
"515","210521","本溪满族自治县"
"516","210522","桓仁满族自治县"
"517","210600","丹东市"
"518","210602","元宝区"
"519","210603","振兴区"
"520","210604","振安区"
"521","210624","宽甸满族自治县"
"522","210681","东港市"
"523","210682","凤城市"
"524","210700","锦州市"
"525","210702","古塔区"
"526","210703","凌河区"
"527","210711","太和区"
"528","210726","黑山县"
"529","210727","义县"
"530","210781","凌海市"
"531","210782","北宁市"
"532","210800","营口市"
"533","210802","站前区"
"534","210803","西市区"
"535","210804","鲅鱼圈区"
"536","210811","老边区"
"537","210881","盖州市"
"538","210882","大石桥市"
"539","210900","阜新市"
"540","210902","海州区"
"541","210903","新邱区"
"542","210904","太平区"
"543","210905","清河门区"
"544","210911","细河区"
"545","210921","阜新蒙古族自治县"
"546","210922","彰武县"
"547","211000","辽阳市"
"548","211002","白塔区"
"549","211003","文圣区"
"550","211004","宏伟区"
"551","211005","弓长岭区"
"552","211011","太子河区"
"553","211021","辽阳县"
"554","211081","灯塔市"
"555","211100","盘锦市"
"556","211102","双台子区"
"557","211103","兴隆台区"
"558","211121","大洼县"
"559","211122","盘山县"
"560","211200","铁岭市"
"561","211202","银州区"
"562","211204","清河区"
"563","211221","铁岭县"
"564","211223","西丰县"
"565","211224","昌图县"
"566","211281","铁法市"
"567","211282","开原市"
"568","211300","朝阳市"
"569","211302","双塔区"
"570","211303","龙城区"
"571","211321","朝阳县"
"572","211322","建平县"
"573","211324","喀喇沁左翼蒙古族自治县"
"574","211381","北票市"
"575","211382","凌源市"
"576","211400","葫芦岛市"
"577","211402","连山区"
"578","211403","龙港区"
"579","211404","南票区"
"580","211421","绥中县"
"581","211422","建昌县"
"582","211481","兴城市"
"583","220000","吉林省"
"584","220100","长春市"
"585","220102","南关区"
"586","220103","宽城区"
"587","220104","朝阳区"
"588","220105","二道区"
"589","220106","绿园区"
"590","220112","双阳区"
"591","220122","农安县"
"592","220181","九台市"
"593","220182","榆树市"
"594","220183","德惠市"
"595","220200","吉林市"
"596","220202","昌邑区"
"597","220203","龙潭区"
"598","220204","船营区"
"599","220211","丰满区"
"600","220221","永吉县"
"601","220281","蛟河市"
"602","220282","桦甸市"
"603","220283","舒兰市"
"604","220284","磐石市"
"605","220300","四平市"
"606","220302","铁西区"
"607","220303","铁东区"
"608","220322","梨树县"
"609","220323","伊通满族自治县"
"610","220381","公主岭市"
"611","220382","双辽市"
"612","220400","辽源市"
"613","220402","龙山区"
"614","220403","西安区"
"615","220421","东丰县"
"616","220422","东辽县"
"617","220500","通化市"
"618","220502","东昌区"
"619","220503","二道江区"
"620","220521","通化县"
"621","220523","辉南县"
"622","220524","柳河县"
"623","220581","梅河口市"
"624","220582","集安市"
"625","220600","白山市"
"626","220602","八道江区"
"627","220621","抚松县"
"628","220622","靖宇县"
"629","220623","长白朝鲜族自治县"
"630","220625","江源县"
"631","220681","临江市"
"632","220700","松原市"
"633","220702","宁江区"
"634","220721","前郭尔罗斯蒙古族自治县"
"635","220722","长岭县"
"636","220723","乾安县"
"637","220724","扶余县"
"638","220800","白城市"
"639","220802","洮北区"
"640","220821","镇赉县"
"641","220822","通榆县"
"642","220881","洮南市"
"643","220882","大安市"
"644","222400","延边朝鲜族自治州"
"645","222401","延吉市"
"646","222402","图们市"
"647","222403","敦化市"
"648","222404","珲春市"
"649","222405","龙井市"
"650","222406","和龙市"
"651","222424","汪清县"
"652","222426","安图县"
"653","230000","黑龙江省"
"654","230100","哈尔滨市"
"655","230102","道里区"
"656","230103","南岗区"
"657","230104","道外区"
"658","230105","太平区"
"659","230106","香坊区"
"660","230107","动力区"
"661","230108","平房区"
"662","230121","呼兰县"
"663","230123","依兰县"
"664","230124","方正县"
"665","230125","宾县"
"666","230126","巴彦县"
"667","230127","木兰县"
"668","230128","通河县"
"669","230129","延寿县"
"670","230181","阿城市"
"671","230182","双城市"
"672","230183","尚志市"
"673","230184","五常市"
"674","230200","齐齐哈尔市"
"675","230202","龙沙区"
"676","230203","建华区"
"677","230204","铁锋区"
"678","230205","昂昂溪区"
"679","230206","富拉尔基区"
"680","230207","碾子山区"
"681","230208","梅里斯达斡尔族区"
"682","230221","龙江县"
"683","230223","依安县"
"684","230224","泰来县"
"685","230225","甘南县"
"686","230227","富裕县"
"687","230229","克山县"
"688","230230","克东县"
"689","230231","拜泉县"
"690","230281","讷河市"
"691","230300","鸡西市"
"692","230302","鸡冠区"
"693","230303","恒山区"
"694","230304","滴道区"
"695","230305","梨树区"
"696","230306","城子河区"
"697","230307","麻山区"
"698","230321","鸡东县"
"699","230381","虎林市"
"700","230382","密山市"
"701","230400","鹤岗市"
"702","230402","向阳区"
"703","230403","工农区"
"704","230404","南山区"
"705","230405","兴安区"
"706","230406","东山区"
"707","230407","兴山区"
"708","230421","萝北县"
"709","230422","绥滨县"
"710","230500","双鸭山市"
"711","230502","尖山区"
"712","230503","岭东区"
"713","230505","四方台区"
"714","230506","宝山区"
"715","230521","集贤县"
"716","230522","友谊县"
"717","230523","宝清县"
"718","230524","饶河县"
"719","230600","大庆市"
"720","230602","萨尔图区"
"721","230603","龙凤区"
"722","230604","让胡路区"
"723","230605","红岗区"
"724","230606","大同区"
"725","230621","肇州县"
"726","230622","肇源县"
"727","230623","林甸县"
"728","230624","杜尔伯特蒙古族自治县"
"729","230700","伊春市"
"730","230702","伊春区"
"731","230703","南岔区"
"732","230704","友好区"
"733","230705","西林区"
"734","230706","翠峦区"
"735","230707","新青区"
"736","230708","美溪区"
"737","230709","金山屯区"
"738","230710","五营区"
"739","230711","乌马河区"
"740","230712","汤旺河区"
"741","230713","带岭区"
"742","230714","乌伊岭区"
"743","230715","红星区"
"744","230716","上甘岭区"
"745","230722","嘉荫县"
"746","230781","铁力市"
"747","230800","佳木斯市"
"748","230802","永红区"
"749","230803","向阳区"
"750","230804","前进区"
"751","230805","东风区"
"752","230811","郊区"
"753","230822","桦南县"
"754","230826","桦川县"
"755","230828","汤原县"
"756","230833","抚远县"
"757","230881","同江市"
"758","230882","富锦市"
"759","230900","七台河市"
"760","230902","新兴区"
"761","230903","桃山区"
"762","230904","茄子河区"
"763","230921","勃利县"
"764","231000","牡丹江市"
"765","231002","东安区"
"766","231003","阳明区"
"767","231004","爱民区"
"768","231005","西安区"
"769","231024","东宁县"
"770","231025","林口县"
"771","231081","绥芬河市"
"772","231083","海林市"
"773","231084","宁安市"
"774","231085","穆棱市"
"775","231100","黑河市"
"776","231102","爱辉区"
"777","231121","嫩江县"
"778","231123","逊克县"
"779","231124","孙吴县"
"780","231181","北安市"
"781","231182","五大连池市"
"782","232300","绥化地区"
"783","232301","绥化市"
"784","232302","安达市"
"785","232303","肇东市"
"786","232304","海伦市"
"787","232324","望奎县"
"788","232325","兰西县"
"789","232326","青冈县"
"790","232330","庆安县"
"791","232331","明水县"
"792","232332","绥棱县"
"793","232700","大兴安岭地区"
"794","232721","呼玛县"
"795","232722","塔河县"
"796","232723","漠河县"
"797","310000","上海市"
"798","310101","黄浦区"
"799","310102","南市区"
"800","310103","卢湾区"
"801","310104","徐汇区"
"802","310105","长宁区"
"803","310106","静安区"
"804","310107","普陀区"
"805","310108","闸北区"
"806","310109","虹口区"
"807","310110","杨浦区"
"808","310112","闵行区"
"809","310113","宝山区"
"810","310114","嘉定区"
"811","310115","浦东新区"
"812","310116","金山区"
"813","310117","松江区"
"814","310225","南汇县"
"815","310226","奉贤县"
"816","310229","青浦县"
"817","310230","崇明县"
"818","320000","江苏省"
"819","320100","南京市"
"820","320102","玄武区"
"821","320103","白下区"
"822","320104","秦淮区"
"823","320105","建邺区"
"824","320106","鼓楼区"
"825","320107","下关区"
"826","320111","浦口区"
"827","320112","大厂区"
"828","320113","栖霞区"
"829","320114","雨花台区"
"830","320121","江宁县"
"831","320122","江浦县"
"832","320123","六合县"
"833","320124","溧水县"
"834","320125","高淳县"
"835","320200","无锡市"
"836","320202","崇安区"
"837","320203","南长区"
"838","320204","北塘区"
"839","320205","马山区"
"840","320211","郊区"
"841","320281","江阴市"
"842","320282","宜兴市"
"843","320283","锡山市"
"844","320300","徐州市"
"845","320302","鼓楼区"
"846","320303","云龙区"
"847","320304","九里区"
"848","320305","贾汪区"
"849","320311","泉山区"
"850","320321","丰县"
"851","320322","沛县"
"852","320323","铜山县"
"853","320324","睢宁县"
"854","320381","新沂市"
"855","320382","邳州市"
"856","320400","常州市"
"857","320402","天宁区"
"858","320404","钟楼区"
"859","320405","戚墅堰区"
"860","320411","郊区"
"861","320481","溧阳市"
"862","320482","金坛市"
"863","320483","武进市"
"864","320500","苏州市"
"865","320502","沧浪区"
"866","320503","平江区"
"867","320504","金阊区"
"868","320511","郊区"
"869","320581","常熟市"
"870","320582","张家港市"
"871","320583","昆山市"
"872","320584","吴江市"
"873","320585","太仓市"
"874","320586","吴县市"
"875","320600","南通市"
"876","320602","崇川区"
"877","320611","港闸区"
"878","320621","海安县"
"879","320623","如东县"
"880","320681","启东市"
"881","320682","如皋市"
"882","320683","通州市"
"883","320684","海门市"
"884","320700","连云港市"
"885","320703","连云区"
"886","320704","云台区"
"887","320705","新浦区"
"888","320706","海州区"
"889","320721","赣榆县"
"890","320722","东海县"
"891","320723","灌云县"
"892","320724","灌南县"
"893","320800","淮阴市"
"894","320802","清河区"
"895","320811","清浦区"
"896","320821","淮阴县"
"897","320826","涟水县"
"898","320829","洪泽县"
"899","320830","盱眙县"
"900","320831","金湖县"
"901","320882","淮安市"
"902","320900","盐城市"
"903","320902","城区"
"904","320921","响水县"
"905","320922","滨海县"
"906","320923","阜宁县"
"907","320924","射阳县"
"908","320925","建湖县"
"909","320928","盐都县"
"910","320981","东台市"
"911","320982","大丰市"
"912","321000","扬州市"
"913","321002","广陵区"
"914","321011","郊区"
"915","321023","宝应县"
"916","321027","邗江县"
"917","321081","仪征市"
"918","321084","高邮市"
"919","321088","江都市"
"920","321100","镇江市"
"921","321102","京口区"
"922","321111","润州区"
"923","321121","丹徒县"
"924","321181","丹阳市"
"925","321182","扬中市"
"926","321183","句容市"
"927","321200","泰州市"
"928","321202","海陵区"
"929","321203","高港区"
"930","321281","兴化市"
"931","321282","靖江市"
"932","321283","泰兴市"
"933","321284","姜堰市"
"934","321300","宿迁市"
"935","321302","宿城区"
"936","321321","宿豫县"
"937","321322","沭阳县"
"938","321323","泗阳县"
"939","321324","泗洪县"
"940","330000","浙江省"
"941","330100","杭州市"
"942","330102","上城区"
"943","330103","下城区"
"944","330104","江干区"
"945","330105","拱墅区"
"946","330106","西湖区"
"947","330108","滨江区"
"948","330122","桐庐县"
"949","330127","淳安县"
"950","330181","萧山市"
"951","330182","建德市"
"952","330183","富阳市"
"953","330184","余杭市"
"954","330185","临安市"
"955","330200","宁波市"
"956","330203","海曙区"
"957","330204","江东区"
"958","330205","江北区"
"959","330206","北仑区"
"960","330211","镇海区"
"961","330225","象山县"
"962","330226","宁海县"
"963","330227","鄞县"
"964","330281","余姚市"
"965","330282","慈溪市"
"966","330283","奉化市"
"967","330300","温州市"
"968","330302","鹿城区"
"969","330303","龙湾区"
"970","330304","瓯海区"
"971","330322","洞头县"
"972","330324","永嘉县"
"973","330326","平阳县"
"974","330327","苍南县"
"975","330328","文成县"
"976","330329","泰顺县"
"977","330381","瑞安市"
"978","330382","乐清市"
"979","330400","嘉兴市"
"980","330402","秀城区"
"981","330411","郊区"
"982","330421","嘉善县"
"983","330424","海盐县"
"984","330481","海宁市"
"985","330482","平湖市"
"986","330483","桐乡市"
"987","330500","湖州市"
"988","330521","德清县"
"989","330522","长兴县"
"990","330523","安吉县"
"991","330600","绍兴市"
"992","330602","越城区"
"993","330621","绍兴县"
"994","330624","新昌县"
"995","330681","诸暨市"
"996","330682","上虞市"
"997","330683","嵊州市"
"998","330700","金华市"
"999","330702","婺城区"
"1000","330721","金华县"
"1001","330723","武义县"
"1002","330726","浦江县"
"1003","330727","磐安县"
"1004","330781","兰溪市"
"1005","330782","义乌市"
"1006","330783","东阳市"
"1007","330784","永康市"
"1008","330800","衢州市"
"1009","330802","柯城区"
"1010","330821","衢县"
"1011","330822","常山县"
"1012","330824","开化县"
"1013","330825","龙游县"
"1014","330881","江山市"
"1015","330900","舟山市"
"1016","330902","定海区"
"1017","330903","普陀区"
"1018","330921","岱山县"
"1019","330922","嵊泗县"
"1020","331000","台州市"
"1021","331002","椒江区"
"1022","331003","黄岩区"
"1023","331004","路桥区"
"1024","331021","玉环县"
"1025","331022","三门县"
"1026","331023","天台县"
"1027","331024","仙居县"
"1028","331081","温岭市"
"1029","331082","临海市"
"1030","332500","丽水地区"
"1031","332522","青田县"
"1032","332523","云和县"
"1033","332525","庆元县"
"1034","332526","缙云县"
"1035","332527","遂昌县"
"1036","332528","松阳县"
"1037","332529","景宁畲族自治县"
"1038","332581","龙泉市"
"1039","332582","丽水市"
"1040","340000","安徽省"
"1041","340100","合肥市"
"1042","340102","东市区"
"1043","340103","中市区"
"1044","340104","西市区"
"1045","340111","郊区"
"1046","340121","长丰县"
"1047","340122","肥东县"
"1048","340123","肥西县"
"1049","340200","芜湖市"
"1050","340202","镜湖区"
"1051","340203","马塘区"
"1052","340204","新芜区"
"1053","340205","鸠江区"
"1054","340221","芜湖县"
"1055","340222","繁昌县"
"1056","340223","南陵县"
"1057","340300","蚌埠市"
"1058","340302","东市区"
"1059","340303","中市区"
"1060","340304","西市区"
"1061","340311","郊区"
"1062","340321","怀远县"
"1063","340322","五河县"
"1064","340323","固镇县"
"1065","340400","淮南市"
"1066","340402","大通区"
"1067","340403","田家庵区"
"1068","340404","谢家集区"
"1069","340405","八公山区"
"1070","340406","潘集区"
"1071","340421","凤台县"
"1072","340500","马鞍山市"
"1073","340502","金家庄区"
"1074","340503","花山区"
"1075","340504","雨山区"
"1076","340505","向山区"
"1077","340521","当涂县"
"1078","340600","淮北市"
"1079","340602","杜集区"
"1080","340603","相山区"
"1081","340604","烈山区"
"1082","340621","濉溪县"
"1083","340700","铜陵市"
"1084","340702","铜官山区"
"1085","340703","狮子山区"
"1086","340711","郊区"
"1087","340721","铜陵县"
"1088","340800","安庆市"
"1089","340802","迎江区"
"1090","340803","大观区"
"1091","340811","郊区"
"1092","340822","怀宁县"
"1093","340823","枞阳县"
"1094","340824","潜山县"
"1095","340825","太湖县"
"1096","340826","宿松县"
"1097","340827","望江县"
"1098","340828","岳西县"
"1099","340881","桐城市"
"1100","341000","黄山市"
"1101","341002","屯溪区"
"1102","341003","黄山区"
"1103","341004","徽州区"
"1104","341021","歙县"
"1105","341022","休宁县"
"1106","341023","黟县"
"1107","341024","祁门县"
"1108","341100","滁州市"
"1109","341102","琅琊区"
"1110","341103","南谯区"
"1111","341122","来安县"
"1112","341124","全椒县"
"1113","341125","定远县"
"1114","341126","凤阳县"
"1115","341181","天长市"
"1116","341182","明光市"
"1117","341200","阜阳市"
"1118","341202","颍州区"
"1119","341203","颍东区"
"1120","341204","颍泉区"
"1121","341221","临泉县"
"1122","341222","太和县"
"1123","341223","涡阳县"
"1124","341224","蒙城县"
"1125","341225","阜南县"
"1126","341226","颍上县"
"1127","341227","利辛县"
"1128","341281","亳州市"
"1129","341282","界首市"
"1130","341300","宿州市"
"1131","341302","埇桥区"
"1132","341321","砀山县"
"1133","341322","萧县"
"1134","341323","灵璧县"
"1135","341324","泗县"
"1136","342400","六安地区"
"1137","342401","六安市"
"1138","342422","寿县"
"1139","342423","霍邱县"
"1140","342425","舒城县"
"1141","342426","金寨县"
"1142","342427","霍山县"
"1143","342500","宣城地区"
"1144","342501","宣城市"
"1145","342502","宁国市"
"1146","342522","郎溪县"
"1147","342523","广德县"
"1148","342529","泾县"
"1149","342530","旌德县"
"1150","342531","绩溪县"
"1151","342600","巢湖地区"
"1152","342601","巢湖市"
"1153","342622","庐江县"
"1154","342623","无为县"
"1155","342625","含山县"
"1156","342626","和县"
"1157","342900","池州地区"
"1158","342901","贵池市"
"1159","342921","东至县"
"1160","342922","石台县"
"1161","342923","青阳县"
"1162","350000","福建省"
"1163","350100","福州市"
"1164","350102","鼓楼区"
"1165","350103","台江区"
"1166","350104","仓山区"
"1167","350105","马尾区"
"1168","350111","晋安区"
"1169","350121","闽侯县"
"1170","350122","连江县"
"1171","350123","罗源县"
"1172","350124","闽清县"
"1173","350125","永泰县"
"1174","350128","平潭县"
"1175","350181","福清市"
"1176","350182","长乐市"
"1177","350200","厦门市"
"1178","350202","鼓浪屿区"
"1179","350203","思明区"
"1180","350204","开元区"
"1181","350205","杏林区"
"1182","350206","湖里区"
"1183","350211","集美区"
"1184","350212","同安区"
"1185","350300","莆田市"
"1186","350302","城厢区"
"1187","350303","涵江区"
"1188","350321","莆田县"
"1189","350322","仙游县"
"1190","350400","三明市"
"1191","350402","梅列区"
"1192","350403","三元区"
"1193","350421","明溪县"
"1194","350423","清流县"
"1195","350424","宁化县"
"1196","350425","大田县"
"1197","350426","尤溪县"
"1198","350427","沙县"
"1199","350428","将乐县"
"1200","350429","泰宁县"
"1201","350430","建宁县"
"1202","350481","永安市"
"1203","350500","泉州市"
"1204","350502","鲤城区"
"1205","350503","丰泽区"
"1206","350504","洛江区"
"1207","350521","惠安县"
"1208","350524","安溪县"
"1209","350525","永春县"
"1210","350526","德化县"
"1211","350527","金门县"
"1212","350581","石狮市"
"1213","350582","晋江市"
"1214","350583","南安市"
"1215","350600","漳州市"
"1216","350602","芗城区"
"1217","350603","龙文区"
"1218","350622","云霄县"
"1219","350623","漳浦县"
"1220","350624","诏安县"
"1221","350625","长泰县"
"1222","350626","东山县"
"1223","350627","南靖县"
"1224","350628","平和县"
"1225","350629","华安县"
"1226","350681","龙海市"
"1227","350700","南平市"
"1228","350702","延平区"
"1229","350721","顺昌县"
"1230","350722","浦城县"
"1231","350723","光泽县"
"1232","350724","松溪县"
"1233","350725","政和县"
"1234","350781","邵武市"
"1235","350782","武夷山市"
"1236","350783","建瓯市"
"1237","350784","建阳市"
"1238","350800","龙岩市"
"1239","350802","新罗区"
"1240","350821","长汀县"
"1241","350822","永定县"
"1242","350823","上杭县"
"1243","350824","武平县"
"1244","350825","连城县"
"1245","350881","漳平市"
"1246","352200","宁德地区"
"1247","352201","宁德市"
"1248","352202","福安市"
"1249","352203","福鼎市"
"1250","352225","霞浦县"
"1251","352227","古田县"
"1252","352228","屏南县"
"1253","352229","寿宁县"
"1254","352230","周宁县"
"1255","352231","柘荣县"
"1256","360000","江西省"
"1257","360100","南昌市"
"1258","360102","东湖区"
"1259","360103","西湖区"
"1260","360104","青云谱区"
"1261","360105","湾里区"
"1262","360111","郊区"
"1263","360121","南昌县"
"1264","360122","新建县"
"1265","360123","安义县"
"1266","360124","进贤县"
"1267","360200","景德镇市"
"1268","360202","昌江区"
"1269","360203","珠山区"
"1270","360222","浮梁县"
"1271","360281","乐平市"
"1272","360300","萍乡市"
"1273","360302","安源区"
"1274","360313","湘东区"
"1275","360321","莲花县"
"1276","360322","上栗县"
"1277","360323","芦溪县"
"1278","360400","九江市"
"1279","360402","庐山区"
"1280","360403","浔阳区"
"1281","360421","九江县"
"1282","360423","武宁县"
"1283","360424","修水县"
"1284","360425","永修县"
"1285","360426","德安县"
"1286","360427","星子县"
"1287","360428","都昌县"
"1288","360429","湖口县"
"1289","360430","彭泽县"
"1290","360481","瑞昌市"
"1291","360500","新余市"
"1292","360502","渝水区"
"1293","360521","分宜县"
"1294","360600","鹰潭市"
"1295","360602","月湖区"
"1296","360622","余江县"
"1297","360681","贵溪市"
"1298","360700","赣州市"
"1299","360702","章贡区"
"1300","360721","赣县"
"1301","360722","信丰县"
"1302","360723","大余县"
"1303","360724","上犹县"
"1304","360725","崇义县"
"1305","360726","安远县"
"1306","360727","龙南县"
"1307","360728","定南县"
"1308","360729","全南县"
"1309","360730","宁都县"
"1310","360731","于都县"
"1311","360732","兴国县"
"1312","360733","会昌县"
"1313","360734","寻乌县"
"1314","360735","石城县"
"1315","360781","瑞金市"
"1316","360782","南康市"
"1317","362200","宜春地区"
"1318","362201","宜春市"
"1319","362202","丰城市"
"1320","362203","樟树市"
"1321","362204","高安市"
"1322","362226","奉新县"
"1323","362227","万载县"
"1324","362228","上高县"
"1325","362229","宜丰县"
"1326","362232","靖安县"
"1327","362233","铜鼓县"
"1328","362300","上饶地区"
"1329","362301","上饶市"
"1330","362302","德兴市"
"1331","362321","上饶县"
"1332","362322","广丰县"
"1333","362323","玉山县"
"1334","362324","铅山县"
"1335","362325","横峰县"
"1336","362326","弋阳县"
"1337","362329","余干县"
"1338","362330","波阳县"
"1339","362331","万年县"
"1340","362334","婺源县"
"1341","362400","吉安地区"
"1342","362401","吉安市"
"1343","362402","井冈山市"
"1344","362421","吉安县"
"1345","362422","吉水县"
"1346","362423","峡江县"
"1347","362424","新干县"
"1348","362425","永丰县"
"1349","362426","泰和县"
"1350","362427","遂川县"
"1351","362428","万安县"
"1352","362429","安福县"
"1353","362430","永新县"
"1354","362432","宁冈县"
"1355","362500","抚州地区"
"1356","362501","临川市"
"1357","362522","南城县"
"1358","362523","黎川县"
"1359","362524","南丰县"
"1360","362525","崇仁县"
"1361","362526","乐安县"
"1362","362527","宜黄县"
"1363","362528","金溪县"
"1364","362529","资溪县"
"1365","362531","东乡县"
"1366","362532","广昌县"
"1367","370000","山东省"
"1368","370100","济南市"
"1369","370102","历下区"
"1370","370103","市中区"
"1371","370104","槐荫区"
"1372","370105","天桥区"
"1373","370112","历城区"
"1374","370123","长清县"
"1375","370124","平阴县"
"1376","370125","济阳县"
"1377","370126","商河县"
"1378","370181","章丘市"
"1379","370200","青岛市"
"1380","370202","市南区"
"1381","370203","市北区"
"1382","370205","四方区"
"1383","370211","黄岛区"
"1384","370212","崂山区"
"1385","370213","李沧区"
"1386","370214","城阳区"
"1387","370281","胶州市"
"1388","370282","即墨市"
"1389","370283","平度市"
"1390","370284","胶南市"
"1391","370285","莱西市"
"1392","370300","淄博市"
"1393","370302","淄川区"
"1394","370303","张店区"
"1395","370304","博山区"
"1396","370305","临淄区"
"1397","370306","周村区"
"1398","370321","桓台县"
"1399","370322","高青县"
"1400","370323","沂源县"
"1401","370400","枣庄市"
"1402","370402","市中区"
"1403","370403","薛城区"
"1404","370404","峄城区"
"1405","370405","台儿庄区"
"1406","370406","山亭区"
"1407","370481","滕州市"
"1408","370500","东营市"
"1409","370502","东营区"
"1410","370503","河口区"
"1411","370521","垦利县"
"1412","370522","利津县"
"1413","370523","广饶县"
"1414","370600","烟台市"
"1415","370602","芝罘区"
"1416","370611","福山区"
"1417","370612","牟平区"
"1418","370613","莱山区"
"1419","370634","长岛县"
"1420","370681","龙口市"
"1421","370682","莱阳市"
"1422","370683","莱州市"
"1423","370684","蓬莱市"
"1424","370685","招远市"
"1425","370686","栖霞市"
"1426","370687","海阳市"
"1427","370700","潍坊市"
"1428","370702","潍城区"
"1429","370703","寒亭区"
"1430","370704","坊子区"
"1431","370705","奎文区"
"1432","370724","临朐县"
"1433","370725","昌乐县"
"1434","370781","青州市"
"1435","370782","诸城市"
"1436","370783","寿光市"
"1437","370784","安丘市"
"1438","370785","高密市"
"1439","370786","昌邑市"
"1440","370800","济宁市"
"1441","370802","市中区"
"1442","370811","任城区"
"1443","370826","微山县"
"1444","370827","鱼台县"
"1445","370828","金乡县"
"1446","370829","嘉祥县"
"1447","370830","汶上县"
"1448","370831","泗水县"
"1449","370832","梁山县"
"1450","370881","曲阜市"
"1451","370882","兖州市"
"1452","370883","邹城市"
"1453","370900","泰安市"
"1454","370902","泰山区"
"1455","370911","郊区"
"1456","370921","宁阳县"
"1457","370923","东平县"
"1458","370982","新泰市"
"1459","370983","肥城市"
"1460","371000","威海市"
"1461","371002","环翠区"
"1462","371081","文登市"
"1463","371082","荣成市"
"1464","371083","乳山市"
"1465","371100","日照市"
"1466","371102","东港区"
"1467","371121","五莲县"
"1468","371122","莒县"
"1469","371200","莱芜市"
"1470","371202","莱城区"
"1471","371203","钢城区"
"1472","371300","临沂市"
"1473","371302","兰山区"
"1474","371311","罗庄区"
"1475","371312","河东区"
"1476","371321","沂南县"
"1477","371322","郯城县"
"1478","371323","沂水县"
"1479","371324","苍山县"
"1480","371325","费县"
"1481","371326","平邑县"
"1482","371327","莒南县"
"1483","371328","蒙阴县"
"1484","371329","临沭县"
"1485","371400","德州市"
"1486","371402","德城区"
"1487","371421","陵县"
"1488","371422","宁津县"
"1489","371423","庆云县"
"1490","371424","临邑县"
"1491","371425","齐河县"
"1492","371426","平原县"
"1493","371427","夏津县"
"1494","371428","武城县"
"1495","371481","乐陵市"
"1496","371482","禹城市"
"1497","371500","聊城市"
"1498","371502","东昌府区"
"1499","371521","阳谷县"
"1500","371522","莘县"
"1501","371523","茌平县"
"1502","371524","东阿县"
"1503","371525","冠县"
"1504","371526","高唐县"
"1505","371581","临清市"
"1506","372300","滨州地区"
"1507","372301","滨州市"
"1508","372321","惠民县"
"1509","372323","阳信县"
"1510","372324","无棣县"
"1511","372325","沾化县"
"1512","372328","博兴县"
"1513","372330","邹平县"
"1514","372900","菏泽地区"
"1515","372901","菏泽市"
"1516","372922","曹县"
"1517","372923","定陶县"
"1518","372924","成武县"
"1519","372925","单县"
"1520","372926","巨野县"
"1521","372928","郓城县"
"1522","372929","鄄城县"
"1523","372930","东明县"
"1524","410000","河南省"
"1525","410100","郑州市"
"1526","410102","中原区"
"1527","410103","二七区"
"1528","410104","管城回族区"
"1529","410105","金水区"
"1530","410106","上街区"
"1531","410108","邙山区"
"1532","410122","中牟县"
"1533","410181","巩义市"
"1534","410182","荥阳市"
"1535","410183","新密市"
"1536","410184","新郑市"
"1537","410185","登封市"
"1538","410200","开封市"
"1539","410202","龙亭区"
"1540","410203","顺河回族区"
"1541","410204","鼓楼区"
"1542","410205","南关区"
"1543","410211","郊区"
"1544","410221","杞县"
"1545","410222","通许县"
"1546","410223","尉氏县"
"1547","410224","开封县"
"1548","410225","兰考县"
"1549","410300","洛阳市"
"1550","410302","老城区"
"1551","410303","西工区"
"1552","410304","瀍河回族区"
"1553","410305","涧西区"
"1554","410306","吉利区"
"1555","410311","郊区"
"1556","410322","孟津县"
"1557","410323","新安县"
"1558","410324","栾川县"
"1559","410325","嵩县"
"1560","410326","汝阳县"
"1561","410327","宜阳县"
"1562","410328","洛宁县"
"1563","410329","伊川县"
"1564","410381","偃师市"
"1565","410400","平顶山市"
"1566","410402","新华区"
"1567","410403","卫东区"
"1568","410404","石龙区"
"1569","410411","湛河区"
"1570","410421","宝丰县"
"1571","410422","叶县"
"1572","410423","鲁山县"
"1573","410425","郏县"
"1574","410481","舞钢市"
"1575","410482","汝州市"
"1576","410500","安阳市"
"1577","410502","文峰区"
"1578","410503","北关区"
"1579","410504","铁西区"
"1580","410511","郊区"
"1581","410522","安阳县"
"1582","410523","汤阴县"
"1583","410526","滑县"
"1584","410527","内黄县"
"1585","410581","林州市"
"1586","410600","鹤壁市"
"1587","410602","鹤山区"
"1588","410603","山城区"
"1589","410611","郊区"
"1590","410621","浚县"
"1591","410622","淇县"
"1592","410700","新乡市"
"1593","410702","红旗区"
"1594","410703","新华区"
"1595","410704","北站区"
"1596","410711","郊区"
"1597","410721","新乡县"
"1598","410724","获嘉县"
"1599","410725","原阳县"
"1600","410726","延津县"
"1601","410727","封丘县"
"1602","410728","长垣县"
"1603","410781","卫辉市"
"1604","410782","辉县市"
"1605","410800","焦作市"
"1606","410802","解放区"
"1607","410803","中站区"
"1608","410804","马村区"
"1609","410811","山阳区"
"1610","410821","修武县"
"1611","410822","博爱县"
"1612","410823","武陟县"
"1613","410825","温县"
"1614","410882","沁阳市"
"1615","410883","孟州市"
"1616","410900","濮阳市"
"1617","410902","市区"
"1618","410922","清丰县"
"1619","410923","南乐县"
"1620","410926","范县"
"1621","410927","台前县"
"1622","410928","濮阳县"
"1623","411000","许昌市"
"1624","411002","魏都区"
"1625","411023","许昌县"
"1626","411024","鄢陵县"
"1627","411025","襄城县"
"1628","411081","禹州市"
"1629","411082","长葛市"
"1630","411100","漯河市"
"1631","411102","源汇区"
"1632","411121","舞阳县"
"1633","411122","临颍县"
"1634","411123","郾城县"
"1635","411200","三门峡市"
"1636","411202","湖滨区"
"1637","411221","渑池县"
"1638","411222","陕县"
"1639","411224","卢氏县"
"1640","411281","义马市"
"1641","411282","灵宝市"
"1642","411300","南阳市"
"1643","411302","宛城区"
"1644","411303","卧龙区"
"1645","411321","南召县"
"1646","411322","方城县"
"1647","411323","西峡县"
"1648","411324","镇平县"
"1649","411325","内乡县"
"1650","411326","淅川县"
"1651","411327","社旗县"
"1652","411328","唐河县"
"1653","411329","新野县"
"1654","411330","桐柏县"
"1655","411381","邓州市"
"1656","411400","商丘市"
"1657","411402","梁园区"
"1658","411403","睢阳区"
"1659","411421","民权县"
"1660","411422","睢县"
"1661","411423","宁陵县"
"1662","411424","柘城县"
"1663","411425","虞城县"
"1664","411426","夏邑县"
"1665","411481","永城市"
"1666","411500","信阳市"
"1667","411502","浉河区"
"1668","411503","平桥区"
"1669","411521","罗山县"
"1670","411522","光山县"
"1671","411523","新县"
"1672","411524","商城县"
"1673","411525","固始县"
"1674","411526","潢川县"
"1675","411527","淮滨县"
"1676","411528","息县"
"1677","412700","周口地区"
"1678","412701","周口市"
"1679","412702","项城市"
"1680","412721","扶沟县"
"1681","412722","西华县"
"1682","412723","商水县"
"1683","412724","太康县"
"1684","412725","鹿邑县"
"1685","412726","郸城县"
"1686","412727","淮阳县"
"1687","412728","沈丘县"
"1688","412800","驻马店地区"
"1689","412801","驻马店市"
"1690","412821","确山县"
"1691","412822","泌阳县"
"1692","412823","遂平县"
"1693","412824","西平县"
"1694","412825","上蔡县"
"1695","412826","汝南县"
"1696","412827","平舆县"
"1697","412828","新蔡县"
"1698","412829","正阳县"
"1699","419001","济源市"
"1700","420000","湖北省"
"1701","420100","武汉市"
"1702","420102","江岸区"
"1703","420103","江汉区"
"1704","420104","硚口区"
"1705","420105","汉阳区"
"1706","420106","武昌区"
"1707","420107","青山区"
"1708","420111","洪山区"
"1709","420112","东西湖区"
"1710","420113","汉南区"
"1711","420114","蔡甸区"
"1712","420115","江夏区"
"1713","420116","黄陂区"
"1714","420117","新洲区"
"1715","420200","黄石市"
"1716","420202","黄石港区"
"1717","420203","石灰窑区"
"1718","420204","下陆区"
"1719","420205","铁山区"
"1720","420222","阳新县"
"1721","420281","大冶市"
"1722","420300","十堰市"
"1723","420302","茅箭区"
"1724","420303","张湾区"
"1725","420321","郧县"
"1726","420322","郧西县"
"1727","420323","竹山县"
"1728","420324","竹溪县"
"1729","420325","房县"
"1730","420381","丹江口市"
"1731","420500","宜昌市"
"1732","420502","西陵区"
"1733","420503","伍家岗区"
"1734","420504","点军区"
"1735","420505","猇亭区"
"1736","420521","宜昌县"
"1737","420525","远安县"
"1738","420526","兴山县"
"1739","420527","秭归县"
"1740","420528","长阳土家族自治县"
"1741","420529","五峰土家族自治县"
"1742","420581","宜都市"
"1743","420582","当阳市"
"1744","420583","枝江市"
"1745","420600","襄樊市"
"1746","420602","襄城区"
"1747","420606","樊城区"
"1748","420621","襄阳县"
"1749","420624","南漳县"
"1750","420625","谷城县"
"1751","420626","保康县"
"1752","420682","老河口市"
"1753","420683","枣阳市"
"1754","420684","宜城市"
"1755","420700","鄂州市"
"1756","420702","梁子湖区"
"1757","420703","华容区"
"1758","420704","鄂城区"
"1759","420800","荆门市"
"1760","420802","东宝区"
"1761","420821","京山县"
"1762","420822","沙洋县"
"1763","420881","钟祥市"
"1764","420900","孝感市"
"1765","420902","孝南区"
"1766","420921","孝昌县"
"1767","420922","大悟县"
"1768","420923","云梦县"
"1769","420981","应城市"
"1770","420982","安陆市"
"1771","420983","广水市"
"1772","420984","汉川市"
"1773","421000","荆州市"
"1774","421002","沙市区"
"1775","421003","荆州区"
"1776","421022","公安县"
"1777","421023","监利县"
"1778","421024","江陵县"
"1779","421081","石首市"
"1780","421083","洪湖市"
"1781","421087","松滋市"
"1782","421100","黄冈市"
"1783","421102","黄州区"
"1784","421121","团风县"
"1785","421122","红安县"
"1786","421123","罗田县"
"1787","421124","英山县"
"1788","421125","浠水县"
"1789","421126","蕲春县"
"1790","421127","黄梅县"
"1791","421181","麻城市"
"1792","421182","武穴市"
"1793","421200","咸宁市"
"1794","421202","咸安区"
"1795","421221","嘉鱼县"
"1796","421222","通城县"
"1797","421223","崇阳县"
"1798","421224","通山县"
"1799","421281","赤壁市"
"1800","422800","恩施土家族苗族自治州"
"1801","422801","恩施市"
"1802","422802","利川市"
"1803","422822","建始县"
"1804","422823","巴东县"
"1805","422825","宣恩县"
"1806","422826","咸丰县"
"1807","422827","来凤县"
"1808","422828","鹤峰县"
"1809","429001","随州市"
"1810","429004","仙桃市"
"1811","429005","潜江市"
"1812","429006","天门市"
"1813","429021","神农架林区"
"1814","430000","湖南省"
"1815","430100","长沙市"
"1816","430102","芙蓉区"
"1817","430103","天心区"
"1818","430104","岳麓区"
"1819","430105","开福区"
"1820","430111","雨花区"
"1821","430121","长沙县"
"1822","430122","望城县"
"1823","430124","宁乡县"
"1824","430181","浏阳市"
"1825","430200","株洲市"
"1826","430202","荷塘区"
"1827","430203","芦淞区"
"1828","430204","石峰区"
"1829","430211","天元区"
"1830","430221","株洲县"
"1831","430223","攸县"
"1832","430224","茶陵县"
"1833","430225","炎陵县"
"1834","430281","醴陵市"
"1835","430300","湘潭市"
"1836","430302","雨湖区"
"1837","430304","岳塘区"
"1838","430321","湘潭县"
"1839","430381","湘乡市"
"1840","430382","韶山市"
"1841","430400","衡阳市"
"1842","430402","江东区"
"1843","430403","城南区"
"1844","430404","城北区"
"1845","430411","郊区"
"1846","430412","南岳区"
"1847","430421","衡阳县"
"1848","430422","衡南县"
"1849","430423","衡山县"
"1850","430424","衡东县"
"1851","430426","祁东县"
"1852","430481","耒阳市"
"1853","430482","常宁市"
"1854","430500","邵阳市"
"1855","430502","双清区"
"1856","430503","大祥区"
"1857","430511","北塔区"
"1858","430521","邵东县"
"1859","430522","新邵县"
"1860","430523","邵阳县"
"1861","430524","隆回县"
"1862","430525","洞口县"
"1863","430527","绥宁县"
"1864","430528","新宁县"
"1865","430529","城步苗族自治县"
"1866","430581","武冈市"
"1867","430600","岳阳市"
"1868","430602","岳阳楼区"
"1869","430603","云溪区"
"1870","430611","君山区"
"1871","430621","岳阳县"
"1872","430623","华容县"
"1873","430624","湘阴县"
"1874","430626","平江县"
"1875","430681","汨罗市"
"1876","430682","临湘市"
"1877","430700","常德市"
"1878","430702","武陵区"
"1879","430703","鼎城区"
"1880","430721","安乡县"
"1881","430722","汉寿县"
"1882","430723","澧县"
"1883","430724","临澧县"
"1884","430725","桃源县"
"1885","430726","石门县"
"1886","430781","津市市"
"1887","430800","张家界市"
"1888","430802","永定区"
"1889","430811","武陵源区"
"1890","430821","慈利县"
"1891","430822","桑植县"
"1892","430900","益阳市"
"1893","430902","资阳区"
"1894","430903","赫山区"
"1895","430921","南县"
"1896","430922","桃江县"
"1897","430923","安化县"
"1898","430981","沅江市"
"1899","431000","郴州市"
"1900","431002","北湖区"
"1901","431003","苏仙区"
"1902","431021","桂阳县"
"1903","431022","宜章县"
"1904","431023","永兴县"
"1905","431024","嘉禾县"
"1906","431025","临武县"
"1907","431026","汝城县"
"1908","431027","桂东县"
"1909","431028","安仁县"
"1910","431081","资兴市"
"1911","431100","永州市"
"1912","431102","芝山区"
"1913","431103","冷水滩区"
"1914","431121","祁阳县"
"1915","431122","东安县"
"1916","431123","双牌县"
"1917","431124","道县"
"1918","431125","江永县"
"1919","431126","宁远县"
"1920","431127","蓝山县"
"1921","431128","新田县"
"1922","431129","江华瑶族自治县"
"1923","431200","怀化市"
"1924","431202","鹤城区"
"1925","431221","中方县"
"1926","431222","沅陵县"
"1927","431223","辰溪县"
"1928","431224","溆浦县"
"1929","431225","会同县"
"1930","431226","麻阳苗族自治县"
"1931","431227","新晃侗族自治县"
"1932","431228","芷江侗族自治县"
"1933","431229","靖州苗族侗族自治县"
"1934","431230","通道侗族自治县"
"1935","431281","洪江市"
"1936","432500","娄底地区"
"1937","432501","娄底市"
"1938","432502","冷水江市"
"1939","432503","涟源市"
"1940","432522","双峰县"
"1941","432524","新化县"
"1942","433100","湘西土家族苗族自治州"
"1943","433101","吉首市"
"1944","433122","泸溪县"
"1945","433123","凤凰县"
"1946","433124","花垣县"
"1947","433125","保靖县"
"1948","433126","古丈县"
"1949","433127","永顺县"
"1950","433130","龙山县"
"1951","440000","广东省"
"1952","440100","广州市"
"1953","440102","东山区"
"1954","440103","荔湾区"
"1955","440104","越秀区"
"1956","440105","海珠区"
"1957","440106","天河区"
"1958","440107","芳村区"
"1959","440111","白云区"
"1960","440112","黄埔区"
"1961","440181","番禺市"
"1962","440182","花都市"
"1963","440183","增城市"
"1964","440184","从化市"
"1965","440200","韶关市"
"1966","440202","北江区"
"1967","440203","浈江区"
"1968","440204","武江区"
"1969","440221","曲江县"
"1970","440222","始兴县"
"1971","440224","仁化县"
"1972","440229","翁源县"
"1973","440232","乳源瑶族自治县"
"1974","440233","新丰县"
"1975","440281","乐昌市"
"1976","440282","南雄市"
"1977","440300","深圳市"
"1978","440303","罗湖区"
"1979","440304","福田区"
"1980","440305","南山区"
"1981","440306","宝安区"
"1982","440307","龙岗区"
"1983","440308","盐田区"
"1984","440400","珠海市"
"1985","440402","香洲区"
"1986","440421","斗门县"
"1987","440500","汕头市"
"1988","440506","达豪区"
"1989","440507","龙湖区"
"1990","440508","金园区"
"1991","440509","升平区"
"1992","440510","河浦区"
"1993","440523","南澳县"
"1994","440582","潮阳市"
"1995","440583","澄海市"
"1996","440600","佛山市"
"1997","440602","城区"
"1998","440603","石湾区"
"1999","440681","顺德市"
"2000","440682","南海市"
"2001","440683","三水市"
"2002","440684","高明市"
"2003","440700","江门市"
"2004","440703","蓬江区"
"2005","440704","江海区"
"2006","440781","台山市"
"2007","440782","新会市"
"2008","440783","开平市"
"2009","440784","鹤山市"
"2010","440785","恩平市"
"2011","440800","湛江市"
"2012","440802","赤坎区"
"2013","440803","霞山区"
"2014","440804","坡头区"
"2015","440811","麻章区"
"2016","440823","遂溪县"
"2017","440825","徐闻县"
"2018","440881","廉江市"
"2019","440882","雷州市"
"2020","440883","吴川市"
"2021","440900","茂名市"
"2022","440902","茂南区"
"2023","440923","电白县"
"2024","440981","高州市"
"2025","440982","化州市"
"2026","440983","信宜市"
"2027","441200","肇庆市"
"2028","441202","端州区"
"2029","441203","鼎湖区"
"2030","441223","广宁县"
"2031","441224","怀集县"
"2032","441225","封开县"
"2033","441226","德庆县"
"2034","441283","高要市"
"2035","441284","四会市"
"2036","441300","惠州市"
"2037","441302","惠城区"
"2038","441322","博罗县"
"2039","441323","惠东县"
"2040","441324","龙门县"
"2041","441381","惠阳市"
"2042","441400","梅州市"
"2043","441402","梅江区"
"2044","441421","梅县"
"2045","441422","大埔县"
"2046","441423","丰顺县"
"2047","441424","五华县"
"2048","441426","平远县"
"2049","441427","蕉岭县"
"2050","441481","兴宁市"
"2051","441500","汕尾市"
"2052","441502","城区"
"2053","441521","海丰县"
"2054","441523","陆河县"
"2055","441581","陆丰市"
"2056","441600","河源市"
"2057","441602","源城区"
"2058","441621","紫金县"
"2059","441622","龙川县"
"2060","441623","连平县"
"2061","441624","和平县"
"2062","441625","东源县"
"2063","441700","阳江市"
"2064","441702","江城区"
"2065","441721","阳西县"
"2066","441723","阳东县"
"2067","441781","阳春市"
"2068","441800","清远市"
"2069","441802","清城区"
"2070","441821","佛冈县"
"2071","441823","阳山县"
"2072","441825","连山壮族瑶族自治县"
"2073","441826","连南瑶族自治县"
"2074","441827","清新县"
"2075","441881","英德市"
"2076","441882","连州市"
"2077","441900","东莞市"
"2078","442000","中山市"
"2079","445100","潮州市"
"2080","445102","湘桥区"
"2081","445121","潮安县"
"2082","445122","饶平县"
"2083","445200","揭阳市"
"2084","445202","榕城区"
"2085","445221","揭东县"
"2086","445222","揭西县"
"2087","445224","惠来县"
"2088","445281","普宁市"
"2089","445300","云浮市"
"2090","445302","云城区"
"2091","445321","新兴县"
"2092","445322","郁南县"
"2093","445323","云安县"
"2094","445381","罗定市"
"2095","450000","广西壮族自治区"
"2096","450100","南宁市"
"2097","450102","兴宁区"
"2098","450103","新城区"
"2099","450104","城北区"
"2100","450105","江南区"
"2101","450106","永新区"
"2102","450107","市郊区"
"2103","450121","邕宁县"
"2104","450122","武鸣县"
"2105","450200","柳州市"
"2106","450202","城中区"
"2107","450203","鱼峰区"
"2108","450204","柳南区"
"2109","450205","柳北区"
"2110","450206","市郊区"
"2111","450221","柳江县"
"2112","450222","柳城县"
"2113","450300","桂林市"
"2114","450302","秀峰区"
"2115","450303","叠彩区"
"2116","450304","象山区"
"2117","450305","七星区"
"2118","450311","雁山区"
"2119","450321","阳朔县"
"2120","450322","临桂县"
"2121","450323","灵川县"
"2122","450324","全州县"
"2123","450325","兴安县"
"2124","450326","永福县"
"2125","450327","灌阳县"
"2126","450328","龙胜各族自治县"
"2127","450329","资源县"
"2128","450330","平乐县"
"2129","450331","荔浦县"
"2130","450332","恭城瑶族自治县"
"2131","450400","梧州市"
"2132","450403","万秀区"
"2133","450404","蝶山区"
"2134","450405","市郊区"
"2135","450421","苍梧县"
"2136","450422","藤县"
"2137","450423","蒙山县"
"2138","450481","岑溪市"
"2139","450500","北海市"
"2140","450502","海城区"
"2141","450503","银海区"
"2142","450512","铁山港区"
"2143","450521","合浦县"
"2144","450600","防城港市"
"2145","450602","港口区"
"2146","450603","防城区"
"2147","450621","上思县"
"2148","450681","东兴市"
"2149","450700","钦州市"
"2150","450702","钦南区"
"2151","450703","钦北区"
"2152","450721","灵山县"
"2153","450722","浦北县"
"2154","450800","贵港市"
"2155","450802","港北区"
"2156","450803","港南区"
"2157","450821","平南县"
"2158","450881","桂平市"
"2159","450900","玉林市"
"2160","450902","玉州区"
"2161","450921","容县"
"2162","450922","陆川县"
"2163","450923","博白县"
"2164","450924","兴业县"
"2165","450981","北流市"
"2166","452100","南宁地区"
"2167","452101","凭祥市"
"2168","452122","横县"
"2169","452123","宾阳县"
"2170","452124","上林县"
"2171","452126","隆安县"
"2172","452127","马山县"
"2173","452128","扶绥县"
"2174","452129","崇左县"
"2175","452130","大新县"
"2176","452131","天等县"
"2177","452132","宁明县"
"2178","452133","龙州县"
"2179","452200","柳州地区"
"2180","452201","合山市"
"2181","452223","鹿寨县"
"2182","452224","象州县"
"2183","452225","武宣县"
"2184","452226","来宾县"
"2185","452227","融安县"
"2186","452228","三江侗族自治县"
"2187","452229","融水苗族自治县"
"2188","452230","金秀瑶族自治县"
"2189","452231","忻城县"
"2190","452400","贺州地区"
"2191","452402","贺州市"
"2192","452424","昭平县"
"2193","452427","钟山县"
"2194","452428","富川瑶族自治县"
"2195","452600","百色地区"
"2196","452601","百色市"
"2197","452622","田阳县"
"2198","452623","田东县"
"2199","452624","平果县"
"2200","452625","德保县"
"2201","452626","靖西县"
"2202","452627","那坡县"
"2203","452628","凌云县"
"2204","452629","乐业县"
"2205","452630","田林县"
"2206","452631","隆林各族自治县"
"2207","452632","西林县"
"2208","452700","河池地区"
"2209","452701","河池市"
"2210","452702","宜州市"
"2211","452723","罗城仫佬族自治县"
"2212","452724","环江毛南族自治县"
"2213","452725","南丹县"
"2214","452726","天峨县"
"2215","452727","凤山县"
"2216","452728","东兰县"
"2217","452729","巴马瑶族自治县"
"2218","452730","都安瑶族自治县"
"2219","452731","大化瑶族自治县"
"2220","460000","海南省"
"2221","460100","海口市"
"2222","460102","振东区"
"2223","460103","新华区"
"2224","460104","秀英区"
"2225","460200","三亚市"
"2226","460001","通什市"
"2227","460002","琼海市"
"2228","460003","儋州市"
"2229","460004","琼山市"
"2230","460005","文昌市"
"2231","460006","万宁市"
"2232","460007","东方市"
"2233","460025","定安县"
"2234","460026","屯昌县"
"2235","460027","澄迈县"
"2236","460028","临高县"
"2237","460030","白沙黎族自治县"
"2238","460031","昌江黎族自治县"
"2239","460033","乐东黎族自治县"
"2240","460034","陵水黎族自治县"
"2241","460035","保亭黎族苗族自治县"
"2242","460036","琼中黎族苗族自治县"
"2243","500000","重庆市"
"2244","500101","万州区"
"2245","500102","涪陵区"
"2246","500103","渝中区"
"2247","500104","大渡口区"
"2248","500105","江北区"
"2249","500106","沙坪坝区"
"2250","500107","九龙坡区"
"2251","500108","南岸区"
"2252","500109","北碚区"
"2253","500110","万盛区"
"2254","500111","双桥区"
"2255","500112","渝北区"
"2256","500113","巴南区"
"2257","500221","长寿县"
"2258","500222","綦江县"
"2259","500223","潼南县"
"2260","500224","铜梁县"
"2261","500225","大足县"
"2262","500226","荣昌县"
"2263","500227","璧山县"
"2264","500228","梁平县"
"2265","500229","城口县"
"2266","500230","丰都县"
"2267","500231","垫江县"
"2268","500232","武隆县"
"2269","500233","忠县"
"2270","500234","开县"
"2271","500235","云阳县"
"2272","500236","奉节县"
"2273","500237","巫山县"
"2274","500238","巫溪县"
"2275","500239","黔江土家族苗族自治县"
"2276","500240","石柱土家族自治县"
"2277","500241","秀山土家族苗族自治县"
"2278","500242","酉阳土家族苗族自治县"
"2279","500243","彭水苗族土家族自治县"
"2280","500381","江津市"
"2281","500382","合川市"
"2282","500383","永川市"
"2283","500384","南川市"
"2284","510000","四川省"
"2285","510100","成都市"
"2286","510104","锦江区"
"2287","510105","青羊区"
"2288","510106","金牛区"
"2289","510107","武侯区"
"2290","510108","成华区"
"2291","510112","龙泉驿区"
"2292","510113","青白江区"
"2293","510121","金堂县"
"2294","510122","双流县"
"2295","510123","温江县"
"2296","510124","郫县"
"2297","510125","新都县"
"2298","510129","大邑县"
"2299","510131","蒲江县"
"2300","510132","新津县"
"2301","510181","都江堰市"
"2302","510182","彭州市"
"2303","510183","邛崃市"
"2304","510184","崇州市"
"2305","510300","自贡市"
"2306","510302","自流井区"
"2307","510303","贡井区"
"2308","510304","大安区"
"2309","510311","沿滩区"
"2310","510321","荣县"
"2311","510322","富顺县"
"2312","510400","攀枝花市"
"2313","510402","东区"
"2314","510403","西区"
"2315","510411","仁和区"
"2316","510421","米易县"
"2317","510422","盐边县"
"2318","510500","泸州市"
"2319","510502","江阳区"
"2320","510503","纳溪区"
"2321","510504","龙马潭区"
"2322","510521","泸县"
"2323","510522","合江县"
"2324","510524","叙永县"
"2325","510525","古蔺县"
"2326","510600","德阳市"
"2327","510603","旌阳区"
"2328","510623","中江县"
"2329","510626","罗江县"
"2330","510681","广汉市"
"2331","510682","什邡市"
"2332","510683","绵竹市"
"2333","510700","绵阳市"
"2334","510703","涪城区"
"2335","510704","游仙区"
"2336","510722","三台县"
"2337","510723","盐亭县"
"2338","510724","安县"
"2339","510725","梓潼县"
"2340","510726","北川县"
"2341","510727","平武县"
"2342","510781","江油市"
"2343","510800","广元市"
"2344","510802","市中区"
"2345","510811","元坝区"
"2346","510812","朝天区"
"2347","510821","旺苍县"
"2348","510822","青川县"
"2349","510823","剑阁县"
"2350","510824","苍溪县"
"2351","510900","遂宁市"
"2352","510902","市中区"
"2353","510921","蓬溪县"
"2354","510922","射洪县"
"2355","510923","大英县"
"2356","511000","内江市"
"2357","511002","市中区"
"2358","511011","东兴区"
"2359","511024","威远县"
"2360","511025","资中县"
"2361","511028","隆昌县"
"2362","511100","乐山市"
"2363","511102","市中区"
"2364","511111","沙湾区"
"2365","511112","五通桥区"
"2366","511113","金口河区"
"2367","511123","犍为县"
"2368","511124","井研县"
"2369","511126","夹江县"
"2370","511129","沐川县"
"2371","511132","峨边彝族自治县"
"2372","511133","马边彝族自治县"
"2373","511181","峨眉山市"
"2374","511300","南充市"
"2375","511302","顺庆区"
"2376","511303","高坪区"
"2377","511304","嘉陵区"
"2378","511321","南部县"
"2379","511322","营山县"
"2380","511323","蓬安县"
"2381","511324","仪陇县"
"2382","511325","西充县"
"2383","511381","阆中市"
"2384","511500","宜宾市"
"2385","511502","翠屏区"
"2386","511521","宜宾县"
"2387","511522","南溪县"
"2388","511523","江安县"
"2389","511524","长宁县"
"2390","511525","高县"
"2391","511526","珙县"
"2392","511527","筠连县"
"2393","511528","兴文县"
"2394","511529","屏山县"
"2395","511600","广安市"
"2396","511602","广安区"
"2397","511621","岳池县"
"2398","511622","武胜县"
"2399","511623","邻水县"
"2400","511681","华蓥市"
"2401","513000","达川地区"
"2402","513001","达川市"
"2403","513002","万源市"
"2404","513021","达县"
"2405","513022","宣汉县"
"2406","513023","开江县"
"2407","513029","大竹县"
"2408","513030","渠县"
"2409","513100","雅安地区"
"2410","513101","雅安市"
"2411","513122","名山县"
"2412","513123","荥经县"
"2413","513124","汉源县"
"2414","513125","石棉县"
"2415","513126","天全县"
"2416","513127","芦山县"
"2417","513128","宝兴县"
"2418","513200","阿坝藏族羌族自治州"
"2419","513221","汶川县"
"2420","513222","理县"
"2421","513223","茂县"
"2422","513224","松潘县"
"2423","513225","九寨沟县"
"2424","513226","金川县"
"2425","513227","小金县"
"2426","513228","黑水县"
"2427","513229","马尔康县"
"2428","513230","壤塘县"
"2429","513231","阿坝县"
"2430","513232","若尔盖县"
"2431","513233","红原县"
"2432","513300","甘孜藏族自治州"
"2433","513321","康定县"
"2434","513322","泸定县"
"2435","513323","丹巴县"
"2436","513324","九龙县"
"2437","513325","雅江县"
"2438","513326","道孚县"
"2439","513327","炉霍县"
"2440","513328","甘孜县"
"2441","513329","新龙县"
"2442","513330","德格县"
"2443","513331","白玉县"
"2444","513332","石渠县"
"2445","513333","色达县"
"2446","513334","理塘县"
"2447","513335","巴塘县"
"2448","513336","乡城县"
"2449","513337","稻城县"
"2450","513338","得荣县"
"2451","513400","凉山彝族自治州"
"2452","513401","西昌市"
"2453","513422","木里藏族自治县"
"2454","513423","盐源县"
"2455","513424","德昌县"
"2456","513425","会理县"
"2457","513426","会东县"
"2458","513427","宁南县"
"2459","513428","普格县"
"2460","513429","布拖县"
"2461","513430","金阳县"
"2462","513431","昭觉县"
"2463","513432","喜德县"
"2464","513433","冕宁县"
"2465","513434","越西县"
"2466","513435","甘洛县"
"2467","513436","美姑县"
"2468","513437","雷波县"
"2469","513700","巴中地区"
"2470","513701","巴中市"
"2471","513721","通江县"
"2472","513722","南江县"
"2473","513723","平昌县"
"2474","513800","眉山地区"
"2475","513821","眉山县"
"2476","513822","仁寿县"
"2477","513823","彭山县"
"2478","513824","洪雅县"
"2479","513825","丹棱县"
"2480","513826","青神县"
"2481","513900","资阳地区"
"2482","513901","资阳市"
"2483","513902","简阳市"
"2484","513921","安岳县"
"2485","513922","乐至县"
"2486","520000","贵州省"
"2487","520100","贵阳市"
"2488","520102","南明区"
"2489","520103","云岩区"
"2490","520111","花溪区"
"2491","520112","乌当区"
"2492","520113","白云区"
"2493","520121","开阳县"
"2494","520122","息烽县"
"2495","520123","修文县"
"2496","520181","清镇市"
"2497","520200","六盘水市"
"2498","520201","钟山区"
"2499","520202","盘县特区"
"2500","520203","六枝特区"
"2501","520221","水城县"
"2502","520300","遵义市"
"2503","520302","红花岗区"
"2504","520321","遵义县"
"2505","520322","桐梓县"
"2506","520323","绥阳县"
"2507","520324","正安县"
"2508","520325","道真仡佬族苗族自治县"
"2509","520326","务川仡佬族苗族自治县"
"2510","520327","凤冈县"
"2511","520328","湄潭县"
"2512","520329","余庆县"
"2513","520330","习水县"
"2514","520381","赤水市"
"2515","520382","仁怀市"
"2516","522200","铜仁地区"
"2517","522201","铜仁市"
"2518","522222","江口县"
"2519","522223","玉屏侗族自治县"
"2520","522224","石阡县"
"2521","522225","思南县"
"2522","522226","印江土家族苗族自治县"
"2523","522227","德江县"
"2524","522228","沿河土家族自治县"
"2525","522229","松桃苗族自治县"
"2526","522230","万山特区"
"2527","522300","黔西南布依族苗族自治州"
"2528","522301","兴义市"
"2529","522322","兴仁县"
"2530","522323","普安县"
"2531","522324","晴隆县"
"2532","522325","贞丰县"
"2533","522326","望谟县"
"2534","522327","册亨县"
"2535","522328","安龙县"
"2536","522400","毕节地区"
"2537","522401","毕节市"
"2538","522422","大方县"
"2539","522423","黔西县"
"2540","522424","金沙县"
"2541","522425","织金县"
"2542","522426","纳雍县"
"2543","522427","威宁彝族回族苗族自治县"
"2544","522428","赫章县"
"2545","522500","安顺地区"
"2546","522501","安顺市"
"2547","522526","平坝县"
"2548","522527","普定县"
"2549","522528","关岭布依族苗族自治县"
"2550","522529","镇宁布依族苗族自治县"
"2551","522530","紫云苗族布依族自治县"
"2552","522600","黔东南苗族侗族自治州"
"2553","522601","凯里市"
"2554","522622","黄平县"
"2555","522623","施秉县"
"2556","522624","三穗县"
"2557","522625","镇远县"
"2558","522626","岑巩县"
"2559","522627","天柱县"
"2560","522628","锦屏县"
"2561","522629","剑河县"
"2562","522630","台江县"
"2563","522631","黎平县"
"2564","522632","榕江县"
"2565","522633","从江县"
"2566","522634","雷山县"
"2567","522635","麻江县"
"2568","522636","丹寨县"
"2569","522700","黔南布依族苗族自治州"
"2570","522701","都匀市"
"2571","522702","福泉市"
"2572","522722","荔波县"
"2573","522723","贵定县"
"2574","522725","瓮安县"
"2575","522726","独山县"
"2576","522727","平塘县"
"2577","522728","罗甸县"
"2578","522729","长顺县"
"2579","522730","龙里县"
"2580","522731","惠水县"
"2581","522732","三都水族自治县"
"2582","530000","云南省"
"2583","530100","昆明市"
"2584","530102","五华区"
"2585","530103","盘龙区"
"2586","530111","官渡区"
"2587","530112","西山区"
"2588","530113","东川区"
"2589","530121","呈贡县"
"2590","530122","晋宁县"
"2591","530124","富民县"
"2592","530125","宜良县"
"2593","530126","石林彝族自治县"
"2594","530127","嵩明县"
"2595","530128","禄劝彝族苗族自治县"
"2596","530129","寻甸回族彝族自治县"
"2597","530181","安宁市"
"2598","530300","曲靖市"
"2599","530302","麒麟区"
"2600","530321","马龙县"
"2601","530322","陆良县"
"2602","530323","师宗县"
"2603","530324","罗平县"
"2604","530325","富源县"
"2605","530326","会泽县"
"2606","530328","沾益县"
"2607","530381","宣威市"
"2608","530400","玉溪市"
"2609","530402","红塔区"
"2610","530421","江川县"
"2611","530422","澄江县"
"2612","530423","通海县"
"2613","530424","华宁县"
"2614","530425","易门县"
"2615","530426","峨山彝族自治县"
"2616","530427","新平彝族傣族自治县"
"2617","530428","元江哈尼族彝族傣族自治县"
"2618","532100","昭通地区"
"2619","532101","昭通市"
"2620","532122","鲁甸县"
"2621","532123","巧家县"
"2622","532124","盐津县"
"2623","532125","大关县"
"2624","532126","永善县"
"2625","532127","绥江县"
"2626","532128","镇雄县"
"2627","532129","彝良县"
"2628","532130","威信县"
"2629","532131","水富县"
"2630","532300","楚雄彝族自治州"
"2631","532301","楚雄市"
"2632","532322","双柏县"
"2633","532323","牟定县"
"2634","532324","南华县"
"2635","532325","姚安县"
"2636","532326","大姚县"
"2637","532327","永仁县"
"2638","532328","元谋县"
"2639","532329","武定县"
"2640","532331","禄丰县"
"2641","532500","红河哈尼族彝族自治州"
"2642","532501","个旧市"
"2643","532502","开远市"
"2644","532522","蒙自县"
"2645","532523","屏边苗族自治县"
"2646","532524","建水县"
"2647","532525","石屏县"
"2648","532526","弥勒县"
"2649","532527","泸西县"
"2650","532528","元阳县"
"2651","532529","红河县"
"2652","532530","金平苗族瑶族傣族自治县"
"2653","532531","绿春县"
"2654","532532","河口瑶族自治县"
"2655","532600","文山壮族苗族自治州"
"2656","532621","文山县"
"2657","532622","砚山县"
"2658","532623","西畴县"
"2659","532624","麻栗坡县"
"2660","532625","马关县"
"2661","532626","丘北县"
"2662","532627","广南县"
"2663","532628","富宁县"
"2664","532700","思茅地区"
"2665","532701","思茅市"
"2666","532722","普洱哈尼族彝族自治县"
"2667","532723","墨江哈尼族自治县"
"2668","532724","景东彝族自治县"
"2669","532725","景谷傣族彝族自治县"
"2670","532726","镇沅彝族哈尼族拉祜族自治县"
"2671","532727","江城哈尼族彝族自治县"
"2672","532728","孟连傣族拉祜族佤族自治县"
"2673","532729","澜沧拉祜族自治县"
"2674","532730","西盟佤族自治县"
"2675","532800","西双版纳傣族自治州"
"2676","532801","景洪市"
"2677","532822","勐海县"
"2678","532823","勐腊县"
"2679","532900","大理白族自治州"
"2680","532901","大理市"
"2681","532922","漾濞彝族自治县"
"2682","532923","祥云县"
"2683","532924","宾川县"
"2684","532925","弥渡县"
"2685","532926","南涧彝族自治县"
"2686","532927","巍山彝族回族自治县"
"2687","532928","永平县"
"2688","532929","云龙县"
"2689","532930","洱源县"
"2690","532931","剑川县"
"2691","532932","鹤庆县"
"2692","533000","保山地区"
"2693","533001","保山市"
"2694","533022","施甸县"
"2695","533023","腾冲县"
"2696","533024","龙陵县"
"2697","533025","昌宁县"
"2698","533100","德宏傣族景颇族自治州"
"2699","533101","畹町市"
"2700","533102","瑞丽市"
"2701","533103","潞西市"
"2702","533122","梁河县"
"2703","533123","盈江县"
"2704","533124","陇川县"
"2705","533200","丽江地区"
"2706","533221","丽江纳西族自治县"
"2707","533222","永胜县"
"2708","533223","华坪县"
"2709","533224","宁蒗彝族自治县"
"2710","533300","怒江傈僳族自治州"
"2711","533321","泸水县"
"2712","533323","福贡县"
"2713","533324","贡山独龙族怒族自治县"
"2714","533325","兰坪白族普米族自治县"
"2715","533400","迪庆藏族自治州"
"2716","533421","中甸县"
"2717","533422","德钦县"
"2718","533423","维西傈僳族自治县"
"2719","533500","临沧地区"
"2720","533521","临沧县"
"2721","533522","凤庆县"
"2722","533523","云县"
"2723","533524","永德县"
"2724","533525","镇康县"
"2725","533526","双江拉祜族佤族布朗族傣族自治县"
"2726","533527","耿马傣族佤族自治县"
"2727","533528","沧源佤族自治县"
"2728","540000","西藏自治区"
"2729","540100","拉萨市"
"2730","540102","城关区"
"2731","540121","林周县"
"2732","540122","当雄县"
"2733","540123","尼木县"
"2734","540124","曲水县"
"2735","540125","堆龙德庆县"
"2736","540126","达孜县"
"2737","540127","墨竹工卡县"
"2738","542100","昌都地区"
"2739","542121","昌都县"
"2740","542122","江达县"
"2741","542123","贡觉县"
"2742","542124","类乌齐县"
"2743","542125","丁青县"
"2744","542126","察雅县"
"2745","542127","八宿县"
"2746","542128","左贡县"
"2747","542129","芒康县"
"2748","542132","洛隆县"
"2749","542133","边坝县"
"2750","542134","盐井县"
"2751","542135","碧土县"
"2752","542136","妥坝县"
"2753","542137","生达县"
"2754","542200","山南地区"
"2755","542221","乃东县"
"2756","542222","扎囊县"
"2757","542223","贡嘎县"
"2758","542224","桑日县"
"2759","542225","琼结县"
"2760","542226","曲松县"
"2761","542227","措美县"
"2762","542228","洛扎县"
"2763","542229","加查县"
"2764","542231","隆子县"
"2765","542232","错那县"
"2766","542233","浪卡子县"
"2767","542300","日喀则地区"
"2768","542301","日喀则市"
"2769","542322","南木林县"
"2770","542323","江孜县"
"2771","542324","定日县"
"2772","542325","萨迦县"
"2773","542326","拉孜县"
"2774","542327","昂仁县"
"2775","542328","谢通门县"
"2776","542329","白朗县"
"2777","542330","仁布县"
"2778","542331","康马县"
"2779","542332","定结县"
"2780","542333","仲巴县"
"2781","542334","亚东县"
"2782","542335","吉隆县"
"2783","542336","聂拉木县"
"2784","542337","萨嘎县"
"2785","542338","岗巴县"
"2786","542400","那曲地区"
"2787","542421","那曲县"
"2788","542422","嘉黎县"
"2789","542423","比如县"
"2790","542424","聂荣县"
"2791","542425","安多县"
"2792","542426","申扎县"
"2793","542427","索县"
"2794","542428","班戈县"
"2795","542429","巴青县"
"2796","542430","尼玛县"
"2797","542500","阿里地区"
"2798","542521","普兰县"
"2799","542522","札达县"
"2800","542523","噶尔县"
"2801","542524","日土县"
"2802","542525","革吉县"
"2803","542526","改则县"
"2804","542527","措勤县"
"2805","542528","隆格尔县"
"2806","542600","林芝地区"
"2807","542621","林芝县"
"2808","542622","工布江达县"
"2809","542623","米林县"
"2810","542624","墨脱县"
"2811","542625","波密县"
"2812","542626","察隅县"
"2813","542627","朗县"
"2814","610000 ","陕西省"
"2815","610100 ","西安市"
"2816","610102 ","新城区"
"2817","610103 ","碑林区"
"2818","610104 ","莲湖区"
"2819","610111 ","灞桥区"
"2820","610112 ","未央区"
"2821","610113 ","雁塔区"
"2822","610114 ","阎良区"
"2823","610115 ","临潼区"
"2824","610121 ","长安县"
"2825","610122 ","蓝田县"
"2826","610124 ","周至县"
"2827","610125 ","户县"
"2828","610126 ","高陵县"
"2829","610200 ","铜川市"
"2830","610202 ","城区"
"2831","610203 ","郊区"
"2832","610221 ","耀县"
"2833","610222 ","宜君县"
"2834","610300 ","宝鸡市"
"2835","610302 ","渭滨区"
"2836","610303 ","金台区"
"2837","610321 ","宝鸡县"
"2838","610322 ","凤翔县"
"2839","610323 ","岐山县"
"2840","610324 ","扶风县"
"2841","610326 ","眉县"
"2842","610327 ","陇县"
"2843","610328 ","千阳县"
"2844","610329 ","麟游县"
"2845","610330 ","凤县"
"2846","610331 ","太白县"
"2847","610400 ","咸阳市"
"2848","610402 ","秦都区"
"2849","610403 ","杨陵区"
"2850","610404 ","渭城区"
"2851","610422 ","三原县"
"2852","610423 ","泾阳县"
"2853","610424 ","乾县"
"2854","610425 ","礼泉县"
"2855","610426 ","永寿县"
"2856","610427 ","彬县"
"2857","610428 ","长武县"
"2858","610429 ","旬邑县"
"2859","610430 ","淳化县"
"2860","610431 ","武功县"
"2861","610481 ","兴平市"
"2862","610500 ","渭南市"
"2863","610502 ","临渭区"
"2864","610521 ","华县"
"2865","610522 ","潼关县"
"2866","610523 ","大荔县"
"2867","610524 ","合阳县"
"2868","610525 ","澄城县"
"2869","610526 ","蒲城县"
"2870","610527 ","白水县"
"2871","610528 ","富平县"
"2872","610581 ","韩城市"
"2873","610582 ","华阴市"
"2874","610600 ","延安市"
"2875","610602 ","宝塔区"
"2876","610621 ","延长县"
"2877","610622 ","延川县"
"2878","610623 ","子长县"
"2879","610624 ","安塞县"
"2880","610625 ","志丹县"
"2881","610626 ","吴旗县"
"2882","610627 ","甘泉县"
"2883","610628 ","富县"
"2884","610629 ","洛川县"
"2885","610630 ","宜川县"
"2886","610631 ","黄龙县"
"2887","610632 ","黄陵县"
"2888","610700 ","汉中市"
"2889","610702 ","汉台区"
"2890","610721 ","南郑县"
"2891","610722 ","城固县"
"2892","610723 ","洋县"
"2893","610724 ","西乡县"
"2894","610725 ","勉县"
"2895","610726 ","宁强县"
"2896","610727 ","略阳县"
"2897","610728 ","镇巴县"
"2898","610729 ","留坝县"
"2899","610730 ","佛坪县"
"2900","612400 ","安康地区"
"2901","612401 ","安康市"
"2902","612422 ","汉阴县"
"2903","612423 ","石泉县"
"2904","612424 ","宁陕县"
"2905","612425 ","紫阳县"
"2906","612426 ","岚皋县"
"2907","612427 ","平利县"
"2908","612428 ","镇坪县"
"2909","612429 ","旬阳县"
"2910","612430 ","白河县"
"2911","612500 ","商洛地区"
"2912","612501 ","商州市"
"2913","612522 ","洛南县"
"2914","612523 ","丹凤县"
"2915","612524 ","商南县"
"2916","612525 ","山阳县"
"2917","612526 ","镇安县"
"2918","612527 ","柞水县"
"2919","612700 ","榆林地区"
"2920","612701 ","榆林市"
"2921","612722 ","神木县"
"2922","612723 ","府谷县"
"2923","612724 ","横山县"
"2924","612725 ","靖边县"
"2925","612726 ","定边县"
"2926","612727 ","绥德县"
"2927","612728 ","米脂县"
"2928","612729 ","佳县"
"2929","612730 ","吴堡县"
"2930","612731 ","清涧县"
"2931","612732 ","子洲县"
"2932","620000 ","甘肃省"
"2933","620100 ","兰州市"
"2934","620102 ","城关区"
"2935","620103 ","七里河区"
"2936","620104 ","西固区"
"2937","620105 ","安宁区"
"2938","620111 ","红古区"
"2939","620121 ","永登县"
"2940","620122 ","皋兰县"
"2941","620123 ","榆中县"
"2942","620200 ","嘉峪关市"
"2943","620300 ","金昌市"
"2944","620302 ","金川区"
"2945","620321 ","永昌县"
"2946","620400 ","白银市"
"2947","620402 ","白银区"
"2948","620403 ","平川区"
"2949","620421 ","靖远县"
"2950","620422 ","会宁县"
"2951","620423 ","景泰县"
"2952","620500 ","天水市"
"2953","620502 ","秦城区"
"2954","620503 ","北道区"
"2955","620521 ","清水县"
"2956","620522 ","秦安县"
"2957","620523 ","甘谷县"
"2958","620524 ","武山县"
"2959","620525 ","张家川回族自治县"
"2960","622100 ","酒泉地区"
"2961","622101 ","玉门市"
"2962","622102 ","酒泉市"
"2963","622103 ","敦煌市"
"2964","622123 ","金塔县"
"2965","622124 ","肃北蒙古族自治县"
"2966","622125 ","阿克塞哈萨克族自治县"
"2967","622126 ","安西县"
"2968","622200 ","张掖地区"
"2969","622201 ","张掖市"
"2970","622222 ","肃南裕固族自治县"
"2971","622223 ","民乐县"
"2972","622224 ","临泽县"
"2973","622225 ","高台县"
"2974","622226 ","山丹县"
"2975","622300 ","武威地区"
"2976","622301 ","武威市"
"2977","622322 ","民勤县"
"2978","622323 ","古浪县"
"2979","622326 ","天祝藏族自治县"
"2980","622400 ","定西地区"
"2981","622421 ","定西县"
"2982","622424 ","通渭县"
"2983","622425 ","陇西县"
"2984","622426 ","渭源县"
"2985","622427 ","临洮县"
"2986","622428 ","漳县"
"2987","622429 ","岷县"
"2988","622600 ","陇南地区"
"2989","622621 ","武都县"
"2990","622623 ","宕昌县"
"2991","622624 ","成县"
"2992","622625 ","康县"
"2993","622626 ","文县"
"2994","622627 ","西和县"
"2995","622628 ","礼县"
"2996","622629 ","两当县"
"2997","622630 ","徽县"
"2998","622700 ","平凉地区"
"2999","622701 ","平凉市"
"3000","622722 ","泾川县"
"3001","622723 ","灵台县"
"3002","622724 ","崇信县"
"3003","622725 ","华亭县"
"3004","622726 ","庄浪县"
"3005","622727 ","静宁县"
"3006","622800 ","庆阳地区"
"3007","622801 ","西峰市"
"3008","622821 ","庆阳县"
"3009","622822 ","环县"
"3010","622823 ","华池县"
"3011","622824 ","合水县"
"3012","622825 ","正宁县"
"3013","622826 ","宁县"
"3014","622827 ","镇原县"
"3015","622900 ","临夏回族自治州"
"3016","622901 ","临夏市"
"3017","622921 ","临夏县"
"3018","622922 ","康乐县"
"3019","622923 ","永靖县"
"3020","622924 ","广河县"
"3021","622925 ","和政县"
"3022","622926 ","东乡族自治县"
"3023","622927 ","积石山保安族东乡族撒拉族自治县"
"3024","623000 ","甘南藏族自治州"
"3025","623001 ","合作市"
"3026","623021 ","临潭县"
"3027","623022 ","卓尼县"
"3028","623023 ","舟曲县"
"3029","623024 ","迭部县"
"3030","623025 ","玛曲县"
"3031","623026 ","碌曲县"
"3032","623027 ","夏河县"
"3033","630000 ","青海省"
"3034","630100 ","西宁市"
"3035","630102 ","城东区"
"3036","630103 ","城中区"
"3037","630104 ","城西区"
"3038","630105 ","城北区"
"3039","630121 ","大通回族土族自治县"
"3040","632100 ","海东地区"
"3041","632121 ","平安县"
"3042","632122 ","民和回族土族自治县"
"3043","632123 ","乐都县"
"3044","632124 ","湟中县"
"3045","632125 ","湟源县"
"3046","632126 ","互助土族自治县"
"3047","632127 ","化隆回族自治县"
"3048","632128 ","循化撒拉族自治县"
"3049","632200 ","海北藏族自治州"
"3050","632221 ","门源回族自治县"
"3051","632222 ","祁连县"
"3052","632223 ","海晏县"
"3053","632224 ","刚察县"
"3054","632300 ","黄南藏族自治州"
"3055","632321 ","同仁县"
"3056","632322 ","尖扎县"
"3057","632323 ","泽库县"
"3058","632324 ","河南蒙古族自治县"
"3059","632500 ","海南藏族自治州"
"3060","632521 ","共和县"
"3061","632522 ","同德县"
"3062","632523 ","贵德县"
"3063","632524 ","兴海县"
"3064","632525 ","贵南县"
"3065","632600 ","果洛藏族自治州"
"3066","632621 ","玛沁县"
"3067","632622 ","班玛县"
"3068","632623 ","甘德县"
"3069","632624 ","达日县"
"3070","632625 ","久治县"
"3071","632626 ","玛多县"
"3072","632700 ","玉树藏族自治州"
"3073","632721 ","玉树县"
"3074","632722 ","杂多县"
"3075","632723 ","称多县"
"3076","632724 ","治多县"
"3077","632725 ","囊谦县"
"3078","632726 ","曲麻莱县"
"3079","632800 ","海西蒙古族藏族自治州"
"3080","632801 ","格尔木市"
"3081","632802 ","德令哈市"
"3082","632821 ","乌兰县"
"3083","632822 ","都兰县"
"3084","632823 ","天峻县"
"3085","640000 ","宁夏回族自治区"
"3086","640100 ","银川市"
"3087","640102 ","城区"
"3088","640103 ","新城区"
"3089","640104 ","郊区"
"3090","640121 ","永宁县"
"3091","640122 ","贺兰县"
"3092","640200 ","石嘴山市"
"3093","640202 ","大武口区"
"3094","640204 ","石炭井区"
"3095","640205 ","石嘴山区"
"3096","640221 ","平罗县"
"3097","640222 ","陶乐县"
"3098","640223 ","惠农县"
"3099","640300 ","吴忠市"
"3100","640302 ","利通区"
"3101","640321 ","中卫县"
"3102","640322 ","中宁县"
"3103","640323 ","盐池县"
"3104","640324 ","同心县"
"3105","640381 ","青铜峡市"
"3106","640382 ","灵武市"
"3107","642200 ","固原地区"
"3108","642221 ","固原县"
"3109","642222 ","海原县"
"3110","642223 ","西吉县"
"3111","642224 ","隆德县"
"3112","642225 ","泾源县"
"3113","642226 ","彭阳县"
"3114","650000 ","新疆维吾尔自治区"
"3115","650100 ","乌鲁木齐市"
"3116","650102 ","天山区"
"3117","650103 ","沙依巴克区"
"3118","650104 ","新市区"
"3119","650105 ","水磨沟区"
"3120","650106 ","头屯河区"
"3121","650107 ","南山矿区"
"3122","650108 ","东山区"
"3123","650121 ","乌鲁木齐县"
"3124","650200 ","克拉玛依市"
"3125","650202 ","独山子区"
"3126","650203 ","克拉玛依区"
"3127","650204 ","白碱滩区"
"3128","650205 ","乌尔禾区"
"3129","652100 ","吐鲁番地区"
"3130","652101 ","吐鲁番市"
"3131","652122 ","鄯善县"
"3132","652123 ","托克逊县"
"3133","652200 ","哈密地区"
"3134","652201 ","哈密市"
"3135","652222 ","巴里坤哈萨克自治县"
"3136","652223 ","伊吾县"
"3137","652300 ","昌吉回族自治州"
"3138","652301 ","昌吉市"
"3139","652302 ","阜康市"
"3140","652303 ","米泉市"
"3141","652323 ","呼图壁县"
"3142","652324 ","玛纳斯县"
"3143","652325 ","奇台县"
"3144","652327 ","吉木萨尔县"
"3145","652328 ","木垒哈萨克自治县"
"3146","652700 ","博尔塔拉蒙古自治州"
"3147","652701 ","博乐市"
"3148","652722 ","精河县"
"3149","652723 ","温泉县"
"3150","652800 ","巴音郭楞蒙古自治州"
"3151","652801 ","库尔勒市"
"3152","652822 ","轮台县"
"3153","652823 ","尉犁县"
"3154","652824 ","若羌县"
"3155","652825 ","且末县"
"3156","652826 ","焉耆回族自治县"
"3157","652827 ","和静县"
"3158","652828 ","和硕县"
"3159","652829 ","博湖县"
"3160","652900 ","阿克苏地区"
"3161","652901 ","阿克苏市"
"3162","652922 ","温宿县"
"3163","652923 ","库车县"
"3164","652924 ","沙雅县"
"3165","652925 ","新和县"
"3166","652926 ","拜城县"
"3167","652927 ","乌什县"
"3168","652928 ","阿瓦提县"
"3169","652929 ","柯坪县"
"3170","653000 ","克孜勒苏柯尔克孜自治州"
"3171","653001 ","阿图什市"
"3172","653022 ","阿克陶县"
"3173","653023 ","阿合奇县"
"3174","653024 ","乌恰县"
"3175","653100 ","喀什地区"
"3176","653101 ","喀什市"
"3177","653121 ","疏附县"
"3178","653122 ","疏勒县"
"3179","653123 ","英吉沙县"
"3180","653124 ","泽普县"
"3181","653125 ","莎车县"
"3182","653126 ","叶城县"
"3183","653127 ","麦盖提县"
"3184","653128 ","岳普湖县"
"3185","653129 ","伽师县"
"3186","653130 ","巴楚县"
"3187","653131 ","塔什库尔干塔吉克自治县"
"3188","653200 ","和田地区"
"3189","653201 ","和田市"
"3190","653221 ","和田县"
"3191","653222 ","墨玉县"
"3192","653223 ","皮山县"
"3193","653224 ","洛浦县"
"3194","653225 ","策勒县"
"3195","653226 ","于田县"
"3196","653227 ","民丰县"
"3197","654000 ","伊犁哈萨克自治州"
"3198","654001 ","奎屯市"
"3199","654100 ","伊犁地区"
"3200","654101 ","伊宁市"
"3201","654121 ","伊宁县"
"3202","654122 ","察布查尔锡伯自治县"
"3203","654123 ","霍城县"
"3204","654124 ","巩留县"
"3205","654125 ","新源县"
"3206","654126 ","昭苏县"
"3207","654127 ","特克斯县"
"3208","654128 ","尼勒克县"
"3209","654200 ","塔城地区"
"3210","654201 ","塔城市"
"3211","654202 ","乌苏市"
"3212","654221 ","额敏县"
"3213","654223 ","沙湾县"
"3214","654224 ","托里县"
"3215","654225 ","裕民县"
"3216","654226 ","和布克赛尔蒙古自治县"
"3217","654300 ","阿勒泰地区"
"3218","654301 ","阿勒泰市"
"3219","654321 ","布尔津县"
"3220","654322 ","富蕴县"
"3221","654323 ","福海县"
"3222","654324 ","哈巴河县"
"3223","654325 ","青河县"
"3224","654326 ","吉木乃县"
"3225","659001 ","石河子市"
